age,Medu,Fedu,traveltime,studytime,failures,famrel,freetime,goout,Dalc,Walc,health,absences,G3C,G3,school_GP,school_MS,sex_F,sex_M,address_R,address_U,famsize_GT3,famsize_LE3,Pstatus_A,Pstatus_T,Mjob_at_home,Mjob_health,Mjob_other,Mjob_services,Mjob_teacher,Fjob_at_home,Fjob_health,Fjob_other,Fjob_services,Fjob_teacher,reason_course,reason_home,reason_other,reason_reputation,guardian_father,guardian_mother,guardian_other,schoolsup_no,schoolsup_yes,famsup_no,famsup_yes,paid_no,paid_yes,activities_no,activities_yes,nursery_no,nursery_yes,higher_no,higher_yes,internet_no,internet_yes,romantic_no,romantic_yes
18,4,4,2,2,0,4,3,4,1,1,3,6,L,6,1,0,1,0,0,1,1,0,1,0,1,0,0,0,0,0,0,0,0,1,1,0,0,0,0,1,0,0,1,1,0,1,0,1,0,0,1,0,1,1,0,1,0
17,1,1,1,2,0,5,3,3,1,1,3,4,L,6,1,0,1,0,0,1,1,0,0,1,1,0,0,0,0,0,0,1,0,0,1,0,0,0,1,0,0,1,0,0,1,1,0,1,0,1,0,0,1,0,1,1,0
15,1,1,1,2,3,4,3,2,2,3,3,10,L,10,1,0,1,0,0,1,0,1,0,1,1,0,0,0,0,0,0,1,0,0,0,0,1,0,0,1,0,0,1,1,0,0,1,1,0,0,1,0,1,0,1,1,0
15,4,2,1,3,0,3,2,2,1,1,5,2,H,15,1,0,1,0,0,1,1,0,0,1,0,1,0,0,0,0,0,0,1,0,0,1,0,0,0,1,0,1,0,0,1,0,1,0,1,0,1,0,1,0,1,0,1
16,3,3,1,2,0,4,3,2,1,2,5,4,L,10,1,0,1,0,0,1,1,0,0,1,0,0,1,0,0,0,0,1,0,0,0,1,0,0,1,0,0,1,0,0,1,0,1,1,0,0,1,0,1,1,0,1,0
16,4,3,1,2,0,5,4,2,1,2,5,10,H,15,1,0,0,1,0,1,0,1,0,1,0,0,0,1,0,0,0,1,0,0,0,0,0,1,0,1,0,1,0,0,1,0,1,0,1,0,1,0,1,0,1,1,0
16,2,2,1,2,0,4,4,4,1,1,3,0,H,11,1,0,0,1,0,1,0,1,0,1,0,0,1,0,0,0,0,1,0,0,0,1,0,0,0,1,0,1,0,1,0,1,0,1,0,0,1,0,1,0,1,1,0
17,4,4,2,2,0,4,1,4,1,1,1,6,L,6,1,0,1,0,0,1,1,0,1,0,0,0,1,0,0,0,0,0,0,1,0,1,0,0,0,1,0,0,1,0,1,1,0,1,0,0,1,0,1,1,0,1,0
15,3,2,1,2,0,4,2,2,1,1,1,0,H,19,1,0,0,1,0,1,0,1,1,0,0,0,0,1,0,0,0,1,0,0,0,1,0,0,0,1,0,1,0,0,1,0,1,1,0,0,1,0,1,0,1,1,0
15,3,4,1,2,0,5,5,1,1,1,5,0,H,15,1,0,0,1,0,1,1,0,0,1,0,0,1,0,0,0,0,1,0,0,0,1,0,0,0,1,0,1,0,0,1,0,1,0,1,0,1,0,1,0,1,1,0
15,4,4,1,2,0,3,3,3,1,2,2,0,L,9,1,0,1,0,0,1,1,0,0,1,0,0,0,0,1,0,1,0,0,0,0,0,0,1,0,1,0,1,0,0,1,0,1,1,0,0,1,0,1,0,1,1,0
15,2,1,3,3,0,5,2,2,1,1,4,4,H,12,1,0,1,0,0,1,1,0,0,1,0,0,0,1,0,0,0,1,0,0,0,0,0,1,1,0,0,1,0,0,1,1,0,0,1,0,1,0,1,0,1,1,0
15,4,4,1,1,0,4,3,3,1,3,5,2,H,14,1,0,0,1,0,1,0,1,0,1,0,1,0,0,0,0,0,0,1,0,1,0,0,0,1,0,0,1,0,0,1,0,1,0,1,0,1,0,1,0,1,1,0
15,4,3,2,2,0,5,4,3,1,2,3,2,H,11,1,0,0,1,0,1,1,0,0,1,0,0,0,0,1,0,0,1,0,0,1,0,0,0,0,1,0,1,0,0,1,0,1,1,0,0,1,0,1,0,1,1,0
15,2,2,1,3,0,4,5,2,1,1,3,0,H,16,1,0,0,1,0,1,1,0,1,0,0,0,1,0,0,0,0,1,0,0,0,1,0,0,0,0,1,1,0,0,1,1,0,1,0,0,1,0,1,0,1,0,1
16,4,4,1,1,0,4,4,4,1,2,2,4,H,14,1,0,1,0,0,1,1,0,0,1,0,1,0,0,0,0,0,1,0,0,0,1,0,0,0,1,0,1,0,0,1,1,0,1,0,0,1,0,1,0,1,1,0
16,4,4,1,3,0,3,2,3,1,2,2,6,H,14,1,0,1,0,0,1,1,0,0,1,0,0,0,1,0,0,0,0,1,0,0,0,0,1,0,1,0,1,0,0,1,0,1,0,1,0,1,0,1,0,1,1,0
16,3,3,3,2,0,5,3,2,1,1,4,4,L,10,1,0,1,0,0,1,1,0,0,1,0,0,1,0,0,0,0,1,0,0,0,0,0,1,0,1,0,0,1,0,1,1,0,0,1,0,1,0,1,1,0,1,0
17,3,2,1,1,3,5,5,5,2,4,5,16,L,5,1,0,0,1,0,1,1,0,0,1,0,0,0,1,0,0,0,0,1,0,1,0,0,0,0,1,0,1,0,0,1,1,0,0,1,0,1,0,1,0,1,1,0
16,4,3,1,1,0,3,1,3,1,3,5,4,L,10,1,0,0,1,0,1,0,1,0,1,0,1,0,0,0,0,0,1,0,0,0,1,0,0,1,0,0,1,0,1,0,0,1,0,1,0,1,0,1,0,1,1,0
15,4,3,1,2,0,4,4,1,1,1,1,0,H,15,1,0,0,1,0,1,1,0,0,1,0,0,0,0,1,0,0,1,0,0,0,0,0,1,0,1,0,1,0,1,0,1,0,1,0,0,1,0,1,0,1,1,0
15,4,4,1,1,0,5,4,2,1,1,5,0,H,15,1,0,0,1,0,1,1,0,0,1,0,1,0,0,0,0,1,0,0,0,0,0,1,0,1,0,0,1,0,0,1,0,1,1,0,0,1,0,1,0,1,1,0
16,4,2,1,2,0,4,5,1,1,3,5,2,H,16,1,0,0,1,0,1,0,1,0,1,0,0,0,0,1,0,0,1,0,0,1,0,0,0,0,1,0,1,0,1,0,1,0,0,1,0,1,0,1,0,1,1,0
16,2,2,2,2,0,5,4,4,2,4,5,0,H,12,1,0,0,1,0,1,0,1,0,1,0,0,1,0,0,0,0,1,0,0,0,0,0,1,0,1,0,1,0,0,1,1,0,0,1,0,1,0,1,0,1,1,0
15,2,4,1,3,0,4,3,2,1,1,5,2,L,8,1,0,1,0,1,0,1,0,0,1,0,0,0,1,0,0,1,0,0,0,1,0,0,0,0,1,0,0,1,0,1,0,1,0,1,0,1,0,1,0,1,1,0
16,2,2,1,1,2,1,2,2,1,3,5,14,L,8,1,0,1,0,0,1,1,0,0,1,0,0,0,1,0,0,0,0,1,0,0,1,0,0,0,1,0,1,0,0,1,0,1,1,0,1,0,0,1,0,1,1,0
15,2,2,1,1,0,4,2,2,1,2,5,2,H,11,1,0,0,1,0,1,1,0,0,1,0,0,1,0,0,0,0,1,0,0,0,1,0,0,0,1,0,1,0,0,1,0,1,1,0,0,1,0,1,0,1,1,0
15,4,2,1,1,0,2,2,4,2,4,1,4,H,15,1,0,0,1,0,1,1,0,0,1,0,1,0,0,0,0,0,0,1,0,0,0,1,0,0,1,0,1,0,1,0,0,1,1,0,0,1,0,1,0,1,1,0
16,3,4,1,2,0,5,3,3,1,1,5,4,H,11,1,0,0,1,0,1,0,1,1,0,0,0,0,1,0,0,0,1,0,0,0,1,0,0,0,1,0,0,1,0,1,1,0,0,1,0,1,0,1,0,1,1,0
16,4,4,1,2,0,4,4,5,5,5,5,16,H,11,1,0,0,1,0,1,1,0,0,1,0,0,0,0,1,0,0,0,0,1,0,1,0,0,0,1,0,1,0,0,1,0,1,0,1,0,1,0,1,0,1,0,1
15,4,4,1,2,0,5,4,2,3,4,5,0,H,12,1,0,0,1,0,1,1,0,0,1,0,1,0,0,0,0,0,0,1,0,0,1,0,0,0,1,0,1,0,0,1,0,1,1,0,1,0,0,1,0,1,1,0
15,4,4,2,2,0,4,3,1,1,1,5,0,H,17,1,0,0,1,0,1,1,0,0,1,0,0,0,1,0,0,0,0,1,0,0,0,0,1,0,1,0,1,0,0,1,1,0,0,1,0,1,0,1,0,1,1,0
15,4,3,1,2,0,4,5,2,1,1,5,0,H,16,1,0,0,1,1,0,1,0,0,1,0,0,0,0,1,1,0,0,0,0,1,0,0,0,0,1,0,1,0,0,1,1,0,0,1,0,1,0,1,0,1,0,1
15,3,3,1,2,0,5,3,2,1,1,2,0,H,12,1,0,0,1,0,1,0,1,0,1,0,0,1,0,0,0,0,1,0,0,1,0,0,0,0,1,0,1,0,1,0,1,0,0,1,1,0,0,1,0,1,1,0
16,3,2,1,1,0,5,4,3,1,1,5,0,H,15,1,0,0,1,0,1,1,0,0,1,0,0,1,0,0,0,0,1,0,0,0,1,0,0,0,1,0,1,0,0,1,0,1,1,0,1,0,0,1,0,1,1,0
15,2,3,2,1,0,3,5,1,1,1,5,0,L,6,1,0,1,0,0,1,1,0,0,1,0,0,1,0,0,0,0,1,0,0,0,0,1,0,1,0,0,1,0,0,1,1,0,0,1,0,1,0,1,1,0,1,0
15,4,3,1,3,0,5,4,3,1,1,4,2,H,18,1,0,0,1,0,1,0,1,0,1,0,0,0,0,1,0,0,0,1,0,0,1,0,0,0,1,0,1,0,0,1,1,0,0,1,0,1,0,1,0,1,1,0
16,4,4,2,3,0,2,4,3,1,1,5,7,H,15,1,0,0,1,1,0,1,0,1,0,0,0,1,0,0,0,0,0,0,1,0,0,0,1,0,1,0,1,0,0,1,1,0,0,1,0,1,0,1,0,1,0,1
15,3,4,1,3,0,4,3,2,1,1,5,2,H,11,1,0,1,0,1,0,1,0,0,1,0,0,0,1,0,0,1,0,0,0,1,0,0,0,0,1,0,0,1,0,1,0,1,0,1,0,1,0,1,0,1,1,0
15,2,2,1,1,0,4,3,1,1,1,2,8,H,13,1,0,1,0,1,0,1,0,0,1,1,0,0,0,0,0,0,1,0,0,0,0,0,1,0,1,0,0,1,0,1,0,1,0,1,0,1,0,1,1,0,1,0
16,2,2,2,2,1,3,3,3,1,2,3,25,H,11,1,0,1,0,0,1,0,1,0,1,0,0,1,0,0,0,0,1,0,0,0,1,0,0,0,1,0,1,0,0,1,1,0,0,1,1,0,0,1,0,1,0,1
15,4,4,1,1,0,5,4,3,2,4,5,8,H,12,1,0,0,1,0,1,0,1,0,1,0,0,0,0,1,0,0,1,0,0,0,1,0,0,0,0,1,1,0,0,1,1,0,1,0,1,0,0,1,0,1,0,1
15,4,4,1,2,0,4,3,3,1,1,5,2,H,18,1,0,0,1,0,1,1,0,0,1,0,0,0,1,0,0,0,0,0,1,1,0,0,0,1,0,0,1,0,0,1,1,0,0,1,0,1,0,1,0,1,1,0
15,2,2,1,1,0,5,4,1,1,1,1,0,H,11,1,0,0,1,0,1,1,0,0,1,0,0,0,1,0,0,0,0,1,0,1,0,0,0,1,0,0,0,1,0,1,1,0,1,0,0,1,0,1,0,1,1,0
16,2,2,2,2,1,4,3,3,2,2,5,14,L,9,1,0,1,0,0,1,0,1,0,1,0,0,1,0,0,1,0,0,0,0,1,0,0,0,1,0,0,0,1,1,0,1,0,0,1,0,1,0,1,0,1,1,0
15,4,3,1,2,0,5,2,2,1,1,5,8,L,6,1,0,1,0,0,1,0,1,1,0,0,0,1,0,0,0,0,1,0,0,1,0,0,0,0,1,0,0,1,0,1,0,1,0,1,0,1,0,1,0,1,0,1
16,3,3,1,2,0,2,3,5,1,4,3,12,H,11,1,0,1,0,0,1,0,1,1,0,0,0,1,0,0,0,0,0,1,0,0,1,0,0,0,1,0,1,0,0,1,1,0,1,0,0,1,0,1,0,1,1,0
16,4,3,1,4,0,4,2,2,1,1,2,4,H,20,1,0,0,1,0,1,1,0,0,1,0,1,0,0,0,0,0,0,1,0,0,0,0,1,0,1,0,1,0,1,0,1,0,0,1,0,1,0,1,0,1,1,0
15,4,2,1,2,0,4,3,3,2,2,5,2,H,14,1,0,0,1,0,1,1,0,0,1,0,0,0,0,1,0,0,1,0,0,0,1,0,0,0,1,0,1,0,0,1,0,1,1,0,0,1,0,1,1,0,1,0
15,4,4,1,2,1,4,4,4,1,1,3,2,L,7,1,0,1,0,0,1,1,0,0,1,0,0,0,1,0,0,0,0,0,1,0,0,1,0,1,0,0,0,1,0,1,1,0,0,1,1,0,0,1,0,1,1,0
16,2,2,3,2,0,4,3,3,2,3,4,2,H,13,1,0,1,0,0,1,0,1,0,1,0,0,0,1,0,0,0,0,1,0,1,0,0,0,0,1,0,1,0,0,1,0,1,1,0,0,1,0,1,0,1,1,0
15,4,2,1,2,0,4,3,3,1,1,5,2,H,13,1,0,1,0,0,1,0,1,0,1,0,1,0,0,0,0,0,1,0,0,0,0,1,0,0,1,0,1,0,0,1,0,1,1,0,0,1,0,1,0,1,1,0
15,4,2,2,1,1,5,5,5,3,4,5,6,L,10,1,0,0,1,0,1,0,1,1,0,0,1,0,0,0,0,1,0,0,0,0,0,1,0,1,0,0,1,0,1,0,1,0,1,0,0,1,0,1,1,0,1,0
15,4,4,1,1,0,3,3,4,2,3,5,0,H,11,1,0,1,0,0,1,1,0,0,1,0,0,0,1,0,0,0,0,1,0,1,0,0,0,0,1,0,0,1,0,1,0,1,1,0,0,1,0,1,0,1,1,0
15,3,3,1,1,0,5,3,4,4,4,1,6,H,13,1,0,1,0,0,1,0,1,1,0,0,0,1,0,0,0,0,1,0,0,0,0,1,0,0,1,0,1,0,1,0,0,1,1,0,0,1,0,1,0,1,1,0
16,2,1,1,2,0,5,3,4,1,1,2,8,L,10,1,0,1,0,0,1,1,0,1,0,0,0,1,0,0,0,0,1,0,0,0,0,1,0,0,1,0,1,0,1,0,0,1,0,1,0,1,0,1,0,1,0,1
15,4,3,1,2,0,4,3,2,1,1,1,0,H,15,1,0,1,0,0,1,1,0,1,0,0,0,0,1,0,0,0,0,1,0,0,0,0,1,0,1,0,1,0,0,1,0,1,0,1,0,1,0,1,0,1,1,0
15,4,4,1,2,0,3,2,2,1,1,5,4,H,15,1,0,0,1,0,1,1,0,0,1,0,0,0,0,1,0,1,0,0,0,0,0,0,1,0,1,0,1,0,0,1,1,0,0,1,0,1,0,1,1,0,1,0
15,1,2,1,2,0,4,3,2,1,1,5,2,L,9,1,0,0,1,0,1,0,1,0,1,0,0,1,0,0,1,0,0,0,0,0,1,0,0,1,0,0,0,1,0,1,1,0,0,1,0,1,0,1,0,1,1,0
16,4,2,1,2,0,4,2,3,1,1,5,2,H,16,1,0,1,0,0,1,1,0,0,1,0,0,0,1,0,0,0,1,0,0,1,0,0,0,0,1,0,1,0,0,1,1,0,1,0,0,1,0,1,0,1,1,0
16,4,4,1,2,0,2,4,4,2,3,4,6,H,11,1,0,1,0,1,0,1,0,0,1,0,1,0,0,0,0,0,0,0,1,0,0,1,0,0,1,0,1,0,0,1,1,0,0,1,0,1,0,1,1,0,1,0
16,1,1,4,1,0,5,5,5,5,5,5,6,H,11,1,0,1,0,0,1,1,0,0,1,0,0,0,1,0,0,0,0,1,0,1,0,0,0,1,0,0,0,1,0,1,1,0,0,1,1,0,0,1,0,1,0,1
16,1,2,1,2,0,4,4,3,1,1,1,4,L,9,1,0,1,0,0,1,0,1,0,1,0,0,1,0,0,0,0,0,1,0,0,0,0,1,1,0,0,0,1,1,0,1,0,0,1,0,1,0,1,0,1,1,0
16,4,3,1,3,0,3,4,4,2,4,4,2,L,9,1,0,1,0,0,1,1,0,0,1,0,0,0,0,1,0,1,0,0,0,0,1,0,0,0,1,0,0,1,0,1,0,1,0,1,0,1,0,1,0,1,1,0
15,4,3,1,2,0,4,4,4,2,4,2,0,L,10,1,0,1,0,0,1,0,1,0,1,0,0,0,1,0,0,0,0,1,0,0,0,0,1,1,0,0,0,1,1,0,1,0,0,1,0,1,0,1,0,1,0,1
16,4,3,3,2,0,5,4,3,1,2,1,2,H,15,1,0,1,0,0,1,0,1,0,1,0,0,0,0,1,0,0,0,1,0,1,0,0,0,0,1,0,1,0,0,1,1,0,0,1,0,1,0,1,0,1,1,0
15,4,4,1,4,0,1,3,3,5,5,3,4,H,12,1,0,0,1,0,1,1,0,1,0,0,0,1,0,0,0,0,0,1,0,0,0,0,1,0,1,0,1,0,0,1,1,0,0,1,1,0,0,1,0,1,0,1
16,3,1,1,4,0,4,3,3,1,2,5,4,L,6,1,0,1,0,0,1,1,0,0,1,0,0,0,1,0,0,0,1,0,0,1,0,0,0,0,1,0,0,1,0,1,0,1,1,0,0,1,0,1,0,1,1,0
15,2,2,2,2,0,4,1,3,1,3,4,2,L,8,1,0,1,0,1,0,0,1,0,1,0,1,0,0,0,0,0,0,1,0,0,0,0,1,0,1,0,0,1,0,1,0,1,1,0,0,1,0,1,0,1,1,0
15,3,1,2,4,0,4,4,2,2,3,3,12,H,16,1,0,1,0,1,0,0,1,0,1,0,0,1,0,0,0,0,1,0,0,0,0,0,1,1,0,0,1,0,0,1,1,0,1,0,1,0,0,1,0,1,1,0
16,3,1,2,4,0,4,3,2,1,1,5,0,H,15,1,0,0,1,0,1,1,0,0,1,0,0,1,0,0,0,0,1,0,0,0,0,0,1,1,0,0,1,0,0,1,0,1,1,0,0,1,0,1,0,1,1,0
15,4,2,1,4,0,3,3,3,1,1,3,0,L,10,1,0,0,1,0,1,1,0,0,1,0,0,1,0,0,0,0,1,0,0,1,0,0,0,0,1,0,1,0,1,0,1,0,1,0,0,1,0,1,0,1,1,0
15,1,1,1,2,2,3,3,4,2,4,5,2,L,5,1,0,1,0,1,0,1,0,0,1,0,0,1,0,0,0,0,1,0,0,0,0,0,1,0,1,0,0,1,0,1,1,0,1,0,1,0,0,1,0,1,0,1
16,3,1,1,1,0,5,3,2,2,2,5,2,H,14,1,0,0,1,0,1,1,0,0,1,0,0,1,0,0,0,0,1,0,0,0,0,0,1,0,1,0,1,0,1,0,1,0,0,1,0,1,0,1,1,0,1,0
16,3,3,1,2,0,4,3,3,2,4,5,54,H,11,1,0,1,0,0,1,1,0,0,1,0,0,1,0,0,0,0,0,1,0,0,1,0,0,0,1,0,0,1,0,1,0,1,0,1,0,1,0,1,0,1,1,0
15,4,3,1,2,0,4,3,3,2,3,5,6,L,10,1,0,0,1,0,1,1,0,0,1,0,0,0,0,1,0,0,1,0,0,0,1,0,0,0,1,0,1,0,0,1,0,1,0,1,0,1,0,1,0,1,1,0
15,4,0,2,4,0,3,4,3,1,1,1,8,L,10,1,0,0,1,0,1,1,0,0,1,0,0,0,0,1,0,0,1,0,0,1,0,0,0,0,1,0,1,0,1,0,1,0,0,1,0,1,0,1,0,1,1,0
16,2,2,1,4,0,5,2,3,1,3,3,0,H,11,1,0,1,0,0,1,1,0,0,1,0,0,1,0,0,0,0,1,0,0,0,0,0,1,0,1,0,1,0,1,0,0,1,1,0,0,1,0,1,0,1,0,1
17,2,1,2,1,3,4,5,1,1,1,3,2,L,10,1,0,0,1,0,1,1,0,0,1,0,0,1,0,0,0,0,1,0,0,0,1,0,0,0,1,0,0,1,0,1,1,0,0,1,0,1,1,0,0,1,1,0
16,3,4,1,2,0,2,4,3,1,2,3,12,L,5,1,0,1,0,0,1,1,0,0,1,1,0,0,0,0,0,0,1,0,0,1,0,0,0,0,1,0,1,0,0,1,1,0,1,0,0,1,0,1,0,1,1,0
15,2,3,1,1,0,3,2,2,1,3,3,2,H,12,1,0,0,1,0,1,1,0,0,1,0,0,1,0,0,0,0,0,1,0,1,0,0,0,1,0,0,0,1,0,1,0,1,0,1,1,0,0,1,0,1,0,1
15,2,3,1,3,0,5,3,2,1,2,5,4,H,11,1,0,0,1,0,1,1,0,0,1,0,0,1,0,0,0,0,1,0,0,0,1,0,0,0,1,0,0,1,1,0,0,1,1,0,1,0,0,1,0,1,1,0
15,3,2,1,2,0,4,4,4,1,1,5,10,L,6,1,0,1,0,0,1,0,1,0,1,0,0,0,1,0,0,0,1,0,0,0,0,0,1,0,1,0,1,0,0,1,0,1,1,0,0,1,0,1,0,1,1,0
15,2,2,2,2,0,5,3,3,1,3,4,4,H,15,1,0,0,1,0,1,0,1,0,1,0,0,0,1,0,0,0,0,1,0,0,1,0,0,0,1,0,1,0,1,0,0,1,0,1,0,1,0,1,0,1,1,0
15,1,1,1,2,0,4,3,2,2,3,4,2,L,10,1,0,1,0,0,1,1,0,0,1,0,0,1,0,0,0,0,1,0,0,0,1,0,0,1,0,0,1,0,0,1,1,0,0,1,1,0,0,1,0,1,1,0
15,4,4,2,2,2,4,4,4,2,3,5,6,L,8,1,0,1,0,0,1,1,0,0,1,0,0,0,1,0,0,0,0,1,0,0,0,0,1,1,0,0,1,0,1,0,0,1,1,0,0,1,0,1,0,1,0,1
16,2,2,1,2,0,4,3,4,1,2,2,4,L,6,1,0,1,0,0,1,0,1,0,1,1,0,0,0,0,0,0,1,0,0,1,0,0,0,0,1,0,1,0,0,1,1,0,1,0,0,1,0,1,1,0,1,0
15,4,2,1,3,0,5,3,3,1,3,1,4,H,14,1,0,1,0,0,1,1,0,0,1,0,0,1,0,0,0,0,1,0,0,0,0,0,1,0,1,0,1,0,0,1,1,0,0,1,0,1,0,1,0,1,1,0
16,2,2,2,2,1,4,4,2,1,1,3,12,L,10,1,0,0,1,0,1,1,0,0,1,0,0,0,1,0,0,0,1,0,0,0,0,0,1,1,0,0,1,0,1,0,0,1,0,1,1,0,0,1,0,1,1,0
16,4,4,1,2,0,4,1,3,3,5,5,18,L,7,1,0,0,1,0,1,0,1,1,0,0,0,0,0,1,0,1,0,0,0,0,0,0,1,0,1,0,1,0,0,1,1,0,1,0,0,1,0,1,1,0,1,0
16,3,3,1,3,0,4,3,3,1,3,4,0,L,8,1,0,1,0,0,1,1,0,0,1,0,0,1,0,0,0,0,1,0,0,0,1,0,0,0,1,0,1,0,0,1,0,1,1,0,0,1,0,1,0,1,0,1
15,4,3,1,1,0,4,5,5,1,3,1,4,H,18,1,0,1,0,0,1,1,0,0,1,0,0,0,1,0,0,0,1,0,0,0,0,0,1,0,1,0,1,0,1,0,0,1,0,1,0,1,0,1,0,1,1,0
16,3,1,1,2,0,3,3,3,2,3,2,4,L,6,1,0,1,0,0,1,0,1,0,1,0,0,1,0,0,0,0,1,0,0,0,1,0,0,1,0,0,0,1,0,1,1,0,1,0,0,1,0,1,1,0,1,0
16,4,2,2,2,0,5,3,3,1,1,1,0,L,10,1,0,1,0,0,1,1,0,0,1,0,0,0,0,1,0,0,0,1,0,0,1,0,0,0,1,0,1,0,0,1,0,1,0,1,0,1,0,1,0,1,1,0
15,2,2,1,4,0,4,3,4,1,1,4,6,H,14,1,0,0,1,0,1,0,1,0,1,0,0,0,1,0,0,1,0,0,0,0,0,0,1,0,1,0,1,0,0,1,1,0,0,1,0,1,0,1,0,1,1,0
15,1,1,2,4,1,3,1,2,1,1,1,2,L,10,1,0,1,0,1,0,1,0,0,1,1,0,0,0,0,0,0,1,0,0,0,1,0,0,0,1,0,0,1,0,1,0,1,0,1,0,1,0,1,0,1,1,0
16,4,3,2,1,0,3,3,3,1,1,4,2,H,15,1,0,0,1,1,0,1,0,0,1,0,0,0,1,0,0,0,1,0,0,0,0,0,1,0,1,0,0,1,0,1,1,0,0,1,1,0,0,1,0,1,1,0
16,2,1,1,2,0,4,3,5,1,1,5,2,L,10,1,0,1,0,0,1,1,0,0,1,0,0,1,0,0,0,0,1,0,0,1,0,0,0,0,1,0,1,0,0,1,0,1,1,0,0,1,0,1,1,0,0,1
16,4,4,1,1,0,5,3,4,1,2,1,6,H,14,1,0,1,0,0,1,1,0,0,1,0,0,1,0,0,0,0,1,0,0,0,0,0,1,0,1,0,1,0,1,0,1,0,0,1,1,0,0,1,0,1,1,0
16,4,3,1,3,0,5,3,5,1,1,3,0,L,8,1,0,1,0,0,1,1,0,0,1,0,0,1,0,0,1,0,0,0,0,1,0,0,0,0,1,0,0,1,0,1,0,1,1,0,0,1,0,1,0,1,1,0
16,4,4,1,1,0,4,5,5,5,5,4,14,L,5,1,0,0,1,0,1,1,0,0,1,0,0,0,1,0,0,0,0,1,0,0,0,1,0,0,1,0,0,1,0,1,0,1,0,1,0,1,0,1,0,1,1,0
16,4,4,1,3,0,4,4,3,1,1,4,0,H,17,1,0,0,1,0,1,1,0,0,1,0,0,0,1,0,0,0,0,0,1,0,0,1,0,1,0,0,1,0,0,1,1,0,0,1,0,1,0,1,0,1,0,1
15,4,4,1,1,0,5,3,3,1,1,5,4,H,14,1,0,0,1,0,1,1,0,0,1,0,0,0,1,0,0,0,1,0,0,1,0,0,0,0,1,0,1,0,0,1,1,0,0,1,1,0,0,1,0,1,1,0
15,3,2,2,2,0,4,3,5,1,1,2,26,L,6,1,0,1,0,0,1,1,0,0,1,0,0,0,1,0,0,0,1,0,0,0,1,0,0,0,1,0,0,1,0,1,0,1,1,0,0,1,0,1,0,1,1,0
15,3,4,1,2,0,5,4,4,1,1,1,0,H,18,1,0,0,1,0,1,1,0,1,0,0,0,0,1,0,0,0,1,0,0,1,0,0,0,0,1,0,1,0,0,1,0,1,0,1,0,1,0,1,0,1,1,0
15,3,3,1,4,0,4,3,3,1,1,4,10,H,11,1,0,1,0,0,1,1,0,1,0,0,0,1,0,0,0,1,0,0,0,0,0,0,1,1,0,0,0,1,1,0,1,0,1,0,0,1,0,1,1,0,1,0
15,2,2,1,4,0,5,1,2,1,1,3,8,L,8,1,0,1,0,0,1,1,0,0,1,0,0,1,0,0,0,0,1,0,0,1,0,0,0,0,1,0,0,1,0,1,0,1,1,0,0,1,0,1,0,1,1,0
16,3,3,1,3,0,5,3,3,1,1,5,2,H,18,1,0,0,1,0,1,1,0,0,1,0,0,0,1,0,0,0,1,0,0,0,1,0,0,1,0,0,1,0,0,1,1,0,0,1,0,1,0,1,0,1,1,0
15,4,4,4,4,0,1,3,5,3,5,1,6,H,13,1,0,0,1,1,0,1,0,0,1,0,0,1,0,0,0,0,1,0,0,0,1,0,0,1,0,0,1,0,0,1,0,1,0,1,0,1,0,1,0,1,0,1
16,4,4,1,3,0,5,4,5,1,1,4,4,H,16,1,0,1,0,0,1,0,1,0,1,0,1,0,0,0,0,1,0,0,0,0,0,1,0,0,1,0,1,0,0,1,0,1,0,1,0,1,0,1,0,1,0,1
15,4,4,1,1,0,5,5,3,1,1,4,6,H,19,1,0,0,1,0,1,0,1,1,0,0,0,0,0,1,0,0,0,0,1,1,0,0,0,0,1,0,1,0,1,0,1,0,0,1,0,1,0,1,0,1,1,0
16,3,3,1,3,1,4,1,2,1,1,2,0,L,10,1,0,1,0,1,0,1,0,0,1,0,0,0,1,0,0,0,1,0,0,0,0,0,1,1,0,0,0,1,0,1,1,0,0,1,0,1,0,1,0,1,1,0
16,2,2,1,2,1,3,1,2,1,1,5,6,H,13,1,0,1,0,0,1,1,0,0,1,1,0,0,0,0,0,0,1,0,0,0,1,0,0,0,1,0,0,1,1,0,1,0,0,1,0,1,0,1,0,1,1,0
15,4,2,1,1,0,3,5,2,1,1,3,10,H,19,1,0,0,1,0,1,0,1,0,1,0,0,0,0,1,0,0,1,0,0,1,0,0,0,0,1,0,1,0,1,0,1,0,1,0,0,1,0,1,0,1,1,0
15,2,1,1,2,0,5,4,2,1,1,5,8,L,9,1,0,0,1,1,0,1,0,0,1,0,1,0,0,0,0,0,0,1,0,0,0,0,1,0,1,0,1,0,1,0,1,0,0,1,0,1,0,1,0,1,0,1
16,4,4,1,2,0,5,4,4,1,2,5,2,H,16,1,0,0,1,0,1,1,0,0,1,0,0,0,0,1,0,0,0,0,1,1,0,0,0,1,0,0,1,0,0,1,1,0,0,1,0,1,0,1,0,1,1,0
15,4,4,2,2,0,4,4,3,1,1,2,2,H,14,1,0,0,1,0,1,1,0,0,1,0,0,1,0,0,0,0,0,0,1,0,0,0,1,1,0,0,1,0,0,1,1,0,0,1,0,1,0,1,1,0,1,0
16,3,3,2,1,0,5,4,2,1,1,5,0,H,13,1,0,0,1,0,1,1,0,0,1,0,0,1,0,0,0,0,0,1,0,0,1,0,0,1,0,0,1,0,1,0,1,0,0,1,0,1,0,1,0,1,1,0
17,1,3,3,2,1,5,2,4,1,4,5,20,L,8,1,0,0,1,1,0,1,0,0,1,0,0,1,0,0,0,0,1,0,0,1,0,0,0,1,0,0,1,0,0,1,1,0,0,1,0,1,0,1,0,1,1,0
15,3,4,1,1,0,3,4,3,1,2,4,6,H,13,1,0,0,1,0,1,1,0,0,1,0,0,1,0,0,0,0,1,0,0,0,0,0,1,1,0,0,1,0,1,0,1,0,1,0,0,1,0,1,0,1,1,0
15,1,2,1,2,0,3,2,3,1,2,1,2,H,15,1,0,1,0,0,1,1,0,0,1,1,0,0,0,0,0,0,0,1,0,1,0,0,0,0,1,0,1,0,1,0,1,0,1,0,1,0,0,1,0,1,1,0
15,2,2,1,4,0,5,5,4,1,2,5,6,H,15,1,0,0,1,0,1,1,0,0,1,0,0,0,1,0,0,0,0,1,0,0,1,0,0,1,0,0,1,0,0,1,0,1,0,1,0,1,0,1,0,1,1,0
16,2,4,2,2,0,4,2,2,1,2,5,2,H,13,1,0,1,0,0,1,0,1,0,1,0,0,1,0,0,0,1,0,0,0,1,0,0,0,1,0,0,1,0,0,1,0,1,0,1,0,1,0,1,0,1,0,1
16,4,4,1,1,0,3,4,4,1,4,5,18,H,13,1,0,0,1,0,1,1,0,0,1,0,1,0,0,0,0,0,1,0,0,1,0,0,0,0,1,0,1,0,0,1,1,0,0,1,0,1,0,1,0,1,1,0
16,2,2,1,2,0,5,4,4,1,1,5,0,L,8,1,0,1,0,0,1,1,0,0,1,0,0,1,0,0,0,0,1,0,0,0,1,0,0,0,1,0,1,0,1,0,0,1,1,0,0,1,0,1,0,1,0,1
15,3,4,1,1,0,5,5,5,3,2,5,0,H,12,1,0,0,1,0,1,1,0,0,1,0,0,0,1,0,0,0,0,1,0,0,1,0,0,1,0,0,0,1,1,0,1,0,1,0,0,1,0,1,0,1,1,0
15,3,4,1,2,0,5,3,2,1,1,1,0,H,11,1,0,1,0,0,1,0,1,1,0,0,0,1,0,0,0,0,1,0,0,0,1,0,0,0,1,0,0,1,1,0,1,0,0,1,0,1,0,1,0,1,0,1
19,0,1,1,2,3,3,4,2,1,1,5,2,L,9,1,0,1,0,0,1,1,0,0,1,1,0,0,0,0,0,0,1,0,0,1,0,0,0,0,0,1,1,0,0,1,1,0,1,0,1,0,1,0,1,0,1,0
18,2,2,1,1,2,3,3,3,1,2,4,0,L,0,1,0,0,1,1,0,1,0,0,1,0,0,0,1,0,0,0,1,0,0,0,0,0,1,0,1,0,1,0,0,1,1,0,0,1,0,1,0,1,0,1,1,0
16,4,4,1,1,0,3,5,5,2,5,4,8,H,18,1,0,0,1,1,0,1,0,0,1,0,0,0,0,1,0,0,0,0,1,1,0,0,0,0,1,0,1,0,1,0,0,1,0,1,0,1,0,1,0,1,1,0
15,3,4,2,3,2,4,2,2,2,2,5,0,L,0,1,0,1,0,1,0,1,0,0,1,0,0,0,1,0,0,0,0,0,1,1,0,0,0,1,0,0,1,0,0,1,1,0,1,0,0,1,0,1,0,1,0,1
15,1,1,3,1,0,4,3,3,1,2,4,0,L,0,1,0,1,0,0,1,1,0,0,1,1,0,0,0,0,0,0,1,0,0,1,0,0,0,0,1,0,1,0,0,1,1,0,0,1,1,0,0,1,0,1,0,1
17,2,2,1,1,0,3,4,4,1,3,5,12,H,12,1,0,1,0,0,1,0,1,0,1,0,0,1,0,0,0,0,1,0,0,1,0,0,0,1,0,0,1,0,0,1,1,0,1,0,0,1,0,1,0,1,0,1
16,3,4,1,1,0,3,2,1,1,4,5,16,H,11,1,0,1,0,0,1,1,0,1,0,0,0,0,1,0,0,0,1,0,0,1,0,0,0,1,0,0,1,0,1,0,1,0,1,0,0,1,0,1,0,1,1,0
15,3,4,4,2,0,5,3,3,1,1,5,0,L,0,1,0,0,1,1,0,1,0,0,1,1,0,0,0,0,0,0,0,0,1,1,0,0,0,0,1,0,1,0,0,1,1,0,1,0,0,1,0,1,1,0,0,1
15,4,4,1,3,0,4,3,3,1,1,5,0,L,0,1,0,1,0,0,1,1,0,0,1,0,0,0,1,0,1,0,0,0,0,1,0,0,0,0,1,0,1,0,0,1,1,0,0,1,0,1,0,1,0,1,0,1
17,3,4,3,2,0,5,4,5,2,4,5,0,L,0,1,0,0,1,1,0,1,0,0,1,1,0,0,0,0,0,0,1,0,0,1,0,0,0,0,1,0,1,0,1,0,1,0,1,0,0,1,0,1,1,0,1,0
16,3,3,2,1,2,4,3,2,1,1,5,0,L,0,1,0,1,0,0,1,1,0,1,0,0,0,1,0,0,0,0,1,0,0,1,0,0,0,0,0,1,1,0,0,1,1,0,0,1,1,0,0,1,0,1,0,1
16,1,1,1,2,1,4,4,4,1,3,5,0,H,12,1,0,0,1,0,1,0,1,0,1,0,0,0,1,0,0,0,1,0,0,1,0,0,0,0,1,0,1,0,1,0,1,0,1,0,0,1,0,1,1,0,0,1
15,4,4,2,1,0,4,3,2,1,1,5,0,H,15,1,0,1,0,0,1,1,0,0,1,0,0,0,0,1,0,0,0,0,1,1,0,0,0,0,1,0,1,0,1,0,1,0,0,1,0,1,0,1,0,1,1,0
15,4,3,2,4,0,2,2,2,1,1,3,0,L,0,1,0,0,1,0,1,1,0,0,1,0,0,0,0,1,0,0,0,1,0,1,0,0,0,1,0,0,0,1,0,1,1,0,1,0,0,1,0,1,0,1,1,0
16,2,2,2,1,2,2,3,3,2,2,2,8,L,9,1,0,0,1,0,1,0,1,0,1,0,0,0,1,0,0,0,0,1,0,0,0,0,1,1,0,0,1,0,0,1,1,0,0,1,0,1,0,1,0,1,1,0
15,4,4,1,3,0,4,2,2,1,1,5,2,H,11,1,0,1,0,0,1,1,0,0,1,0,0,0,0,1,0,0,0,1,0,1,0,0,0,0,1,0,1,0,0,1,0,1,0,1,0,1,0,1,0,1,1,0
16,1,1,1,1,0,3,4,4,3,3,1,2,H,13,1,0,1,0,0,1,0,1,0,1,1,0,0,0,0,1,0,0,0,0,1,0,0,0,0,1,0,1,0,1,0,1,0,1,0,0,1,0,1,0,1,1,0
17,2,1,1,1,3,5,4,5,1,2,5,0,L,0,1,0,0,1,0,1,1,0,0,1,0,0,1,0,0,0,0,1,0,0,0,1,0,0,0,1,0,1,0,0,1,1,0,1,0,0,1,0,1,0,1,1,0
15,1,1,1,2,0,4,4,2,1,2,5,0,H,11,1,0,1,0,0,1,1,0,0,1,0,0,1,0,0,0,0,0,1,0,1,0,0,0,1,0,0,1,0,0,1,0,1,1,0,0,1,0,1,0,1,1,0
15,3,2,1,2,3,3,3,2,1,1,3,0,L,0,1,0,1,0,0,1,1,0,0,1,0,1,0,0,0,0,0,0,1,0,0,1,0,0,1,0,0,1,0,0,1,1,0,1,0,0,1,0,1,0,1,1,0
15,1,2,1,2,0,4,3,2,1,1,5,2,H,11,1,0,1,0,0,1,1,0,0,1,1,0,0,0,0,0,0,1,0,0,1,0,0,0,0,1,0,1,0,0,1,0,1,1,0,1,0,0,1,0,1,1,0
16,4,4,1,1,0,3,3,2,2,1,5,0,L,0,1,0,0,1,0,1,1,0,0,1,0,0,0,0,1,0,0,0,0,1,1,0,0,0,0,1,0,1,0,0,1,1,0,1,0,0,1,1,0,0,1,0,1
15,2,1,4,1,3,4,5,5,2,5,5,0,L,10,1,0,0,1,0,1,0,1,1,0,0,0,0,1,0,0,0,1,0,0,1,0,0,0,0,1,0,1,0,1,0,1,0,1,0,0,1,0,1,0,1,1,0
18,1,1,1,1,3,2,3,5,2,5,4,0,L,0,1,0,0,1,0,1,0,1,0,1,0,0,1,0,0,0,0,1,0,0,1,0,0,0,0,1,0,1,0,1,0,1,0,1,0,0,1,1,0,0,1,0,1
16,2,1,1,1,1,4,4,4,3,5,5,6,H,14,1,0,0,1,0,1,0,1,0,1,1,0,0,0,0,0,0,1,0,0,1,0,0,0,0,1,0,1,0,1,0,1,0,0,1,0,1,0,1,1,0,0,1
15,3,3,2,3,2,4,2,1,2,3,3,8,L,10,1,0,1,0,1,0,1,0,0,1,0,0,0,1,0,0,0,0,1,0,0,0,0,1,0,0,1,1,0,0,1,0,1,0,1,0,1,0,1,0,1,0,1
19,3,2,1,1,3,4,5,4,1,1,4,0,L,0,1,0,0,1,0,1,1,0,0,1,0,0,0,1,0,1,0,0,0,0,0,1,0,0,0,1,0,1,0,0,1,1,0,1,0,0,1,1,0,0,1,0,1
17,4,4,1,1,0,4,2,1,1,1,4,0,H,12,1,0,1,0,0,1,1,0,0,1,0,0,1,0,0,0,0,0,0,1,1,0,0,0,0,1,0,0,1,0,1,1,0,1,0,0,1,0,1,1,0,0,1
15,2,3,1,2,0,4,4,4,1,1,1,2,L,8,1,0,0,1,1,0,1,0,0,1,1,0,0,0,0,0,0,0,1,0,1,0,0,0,0,1,0,0,1,1,0,0,1,0,1,0,1,0,1,1,0,1,0
17,1,2,1,1,0,2,2,2,3,3,5,8,H,13,1,0,0,1,1,0,0,1,0,1,0,0,1,0,0,0,0,1,0,0,0,0,0,1,0,1,0,1,0,1,0,1,0,1,0,0,1,0,1,1,0,1,0
18,1,1,3,1,3,5,2,5,1,5,4,6,L,10,1,0,1,0,1,0,1,0,0,1,1,0,0,0,0,0,0,1,0,0,1,0,0,0,0,1,0,1,0,0,1,1,0,0,1,1,0,0,1,1,0,1,0
16,2,2,3,1,0,4,2,2,1,2,3,2,H,15,1,0,0,1,1,0,1,0,0,1,1,0,0,0,0,0,0,1,0,0,1,0,0,0,0,1,0,1,0,1,0,1,0,1,0,1,0,0,1,1,0,1,0
16,3,3,1,2,1,4,5,5,4,4,5,4,H,12,1,0,0,1,0,1,1,0,0,1,0,0,1,0,0,0,0,0,1,0,1,0,0,0,1,0,0,1,0,0,1,0,1,1,0,0,1,0,1,0,1,0,1
17,2,1,2,1,2,3,3,2,2,2,5,0,L,0,1,0,0,1,1,0,0,1,0,1,1,0,0,0,0,0,0,1,0,0,1,0,0,0,0,1,0,1,0,1,0,1,0,0,1,0,1,1,0,0,1,0,1
15,3,2,2,2,2,4,4,4,1,4,3,6,L,7,1,0,0,1,1,0,1,0,0,1,0,0,1,0,0,0,0,1,0,0,1,0,0,0,0,1,0,0,1,0,1,1,0,1,0,0,1,0,1,0,1,0,1
16,1,2,2,1,1,4,4,4,2,4,5,0,L,0,1,0,0,1,0,1,0,1,0,1,0,0,1,0,0,0,0,1,0,0,1,0,0,0,0,1,0,1,0,1,0,1,0,0,1,0,1,0,1,1,0,1,0
17,1,3,1,1,0,5,3,3,1,4,2,2,L,10,1,0,0,1,0,1,1,0,0,1,1,0,0,0,0,0,0,0,1,0,1,0,0,0,1,0,0,1,0,1,0,1,0,1,0,0,1,1,0,0,1,1,0
17,1,1,4,2,3,5,3,5,1,5,5,0,L,7,1,0,0,1,1,0,0,1,0,1,0,0,1,0,0,0,0,0,1,0,1,0,0,0,0,1,0,1,0,1,0,1,0,0,1,0,1,1,0,1,0,0,1
16,3,2,2,1,1,4,5,2,1,1,2,16,H,12,1,0,0,1,0,1,1,0,0,1,0,0,0,1,0,0,0,0,1,0,1,0,0,0,0,1,0,1,0,0,1,1,0,0,1,1,0,1,0,1,0,1,0
16,2,2,1,2,0,4,3,5,2,4,4,4,L,10,1,0,0,1,0,1,1,0,0,1,0,0,1,0,0,0,0,1,0,0,1,0,0,0,1,0,0,1,0,1,0,1,0,1,0,0,1,1,0,0,1,1,0
16,4,2,1,2,0,4,2,3,1,1,3,0,H,16,1,0,1,0,0,1,1,0,0,1,0,1,0,0,0,0,0,0,1,0,0,1,0,0,1,0,0,1,0,1,0,0,1,1,0,0,1,0,1,0,1,0,1
16,2,2,1,2,0,5,1,5,1,1,4,0,L,0,1,0,1,0,0,1,1,0,0,1,0,0,1,0,0,0,0,1,0,0,0,1,0,0,0,1,0,1,0,0,1,0,1,1,0,1,0,0,1,0,1,1,0
16,4,4,1,2,0,4,4,2,1,1,3,0,H,14,1,0,1,0,0,1,1,0,0,1,0,1,0,0,0,0,1,0,0,0,0,0,0,1,0,1,0,1,0,0,1,0,1,1,0,0,1,0,1,0,1,0,1
16,3,4,3,1,2,3,4,5,2,4,2,0,L,0,1,0,0,1,0,1,1,0,0,1,0,0,1,0,0,0,0,1,0,0,1,0,0,0,1,0,0,1,0,0,1,1,0,0,1,1,0,0,1,0,1,1,0
16,1,0,2,2,0,4,3,2,1,1,3,2,H,16,1,0,0,1,0,1,1,0,0,1,0,0,1,0,0,0,0,1,0,0,0,0,0,1,0,1,0,1,0,0,1,0,1,0,1,0,1,0,1,0,1,0,1
17,4,4,1,2,0,4,4,4,1,3,5,0,L,10,1,0,0,1,0,1,0,1,0,1,0,0,0,0,1,0,0,1,0,0,0,0,0,1,0,1,0,1,0,0,1,0,1,0,1,0,1,0,1,0,1,1,0
16,1,3,1,2,3,4,3,5,1,1,3,0,L,0,1,0,1,0,0,1,1,0,0,1,1,0,0,0,0,0,0,0,1,0,0,1,0,0,0,1,0,1,0,1,0,1,0,0,1,1,0,0,1,0,1,0,1
16,3,3,2,2,0,4,4,5,1,1,4,4,L,9,1,0,1,0,0,1,0,1,0,1,0,0,1,0,0,0,0,1,0,0,0,0,0,1,0,1,0,1,0,0,1,0,1,0,1,0,1,0,1,0,1,1,0
17,4,3,2,2,0,4,4,4,4,4,4,4,L,9,1,0,0,1,0,1,0,1,0,1,0,0,0,0,1,0,0,1,0,0,1,0,0,0,0,1,0,1,0,1,0,0,1,0,1,0,1,0,1,0,1,1,0
16,2,2,2,2,0,3,4,4,1,4,5,2,H,11,1,0,1,0,0,1,1,0,0,1,0,0,0,1,0,0,0,1,0,0,0,0,0,1,0,1,0,1,0,1,0,0,1,0,1,1,0,0,1,0,1,1,0
17,3,3,1,2,0,4,3,4,1,4,4,4,L,6,1,0,0,1,0,1,1,0,0,1,0,0,1,0,0,0,0,1,0,0,0,0,0,1,1,0,0,1,0,1,0,1,0,0,1,1,0,0,1,0,1,1,0
16,4,2,1,1,0,4,3,3,3,4,3,10,L,9,1,0,0,1,1,0,1,0,0,1,0,0,0,0,1,0,0,0,1,0,0,0,1,0,0,1,0,1,0,0,1,1,0,0,1,0,1,0,1,0,1,0,1
17,4,3,1,2,0,5,2,3,1,1,2,4,H,11,1,0,0,1,0,1,1,0,0,1,0,0,1,0,0,0,0,1,0,0,1,0,0,0,0,1,0,1,0,0,1,1,0,0,1,0,1,0,1,0,1,0,1
16,4,3,1,2,0,3,4,3,2,3,3,10,L,8,1,0,0,1,0,1,1,0,0,1,0,0,0,0,1,0,0,1,0,0,0,1,0,0,0,1,0,1,0,0,1,0,1,0,1,0,1,0,1,0,1,1,0
16,3,3,1,2,0,4,2,3,1,2,3,2,H,12,1,0,0,1,0,1,1,0,0,1,0,0,0,1,0,0,0,1,0,0,0,1,0,0,0,1,0,1,0,1,0,0,1,0,1,0,1,0,1,0,1,0,1
17,2,4,1,2,0,5,4,2,2,3,5,0,H,17,1,0,1,0,0,1,1,0,0,1,0,0,0,1,0,0,0,0,1,0,0,0,0,1,1,0,0,1,0,0,1,1,0,0,1,0,1,0,1,1,0,1,0
17,3,3,1,2,0,5,3,3,2,3,1,56,L,8,1,0,1,0,0,1,0,1,0,1,0,0,1,0,0,0,0,1,0,0,0,0,0,1,0,1,0,1,0,0,1,1,0,0,1,0,1,0,1,0,1,0,1
16,3,2,1,2,0,1,2,2,1,2,1,14,H,12,1,0,1,0,0,1,1,0,0,1,0,0,1,0,0,0,0,1,0,0,0,0,0,1,0,1,0,1,0,0,1,0,1,1,0,0,1,0,1,0,1,1,0
17,3,3,1,2,0,4,3,4,2,3,4,12,H,11,1,0,0,1,0,1,1,0,0,1,0,0,0,1,0,0,0,0,1,0,0,0,1,0,0,1,0,1,0,0,1,1,0,0,1,0,1,0,1,0,1,0,1
16,1,2,1,1,0,3,3,3,1,2,3,2,H,11,1,0,0,1,0,1,1,0,0,1,0,0,0,1,0,0,0,0,1,0,0,0,1,0,0,1,0,1,0,0,1,0,1,0,1,0,1,0,1,0,1,0,1
16,2,1,1,2,0,4,2,3,1,2,5,0,H,15,1,0,0,1,0,1,0,1,0,1,0,0,1,0,0,0,0,1,0,0,1,0,0,0,0,1,0,1,0,1,0,0,1,0,1,0,1,0,1,0,1,0,1
17,3,3,1,2,0,3,3,3,1,3,3,6,L,9,1,0,1,0,0,1,1,0,1,0,0,1,0,0,0,0,0,1,0,0,0,0,0,1,0,1,0,1,0,0,1,1,0,1,0,1,0,0,1,0,1,0,1
17,1,2,1,2,0,3,1,3,1,5,3,4,L,10,1,0,0,1,1,0,1,0,0,1,1,0,0,0,0,0,0,1,0,0,0,1,0,0,0,1,0,1,0,1,0,1,0,1,0,0,1,0,1,1,0,1,0
16,2,3,1,2,0,4,3,3,1,1,2,10,H,13,1,0,1,0,0,1,1,0,0,1,0,0,0,1,0,0,0,0,1,0,1,0,0,0,0,1,0,1,0,1,0,1,0,1,0,0,1,0,1,0,1,1,0
17,1,1,1,2,0,5,3,3,1,1,3,0,L,9,1,0,1,0,0,1,1,0,0,1,1,0,0,0,0,0,0,0,1,0,1,0,0,0,0,1,0,1,0,1,0,1,0,0,1,0,1,0,1,0,1,1,0
17,1,2,2,2,0,4,4,4,4,5,5,12,L,8,1,0,0,1,0,1,1,0,0,1,1,0,0,0,0,0,0,0,1,0,0,0,1,0,0,0,1,1,0,1,0,0,1,0,1,1,0,0,1,0,1,1,0
16,3,3,1,1,0,4,3,2,3,4,5,8,L,10,1,0,0,1,1,0,1,0,0,1,0,0,0,1,0,0,0,0,1,0,0,0,0,1,0,1,0,1,0,0,1,1,0,0,1,0,1,0,1,0,1,1,0
16,2,3,2,1,0,5,3,3,1,1,3,0,H,14,1,0,0,1,0,1,1,0,0,1,0,0,1,0,0,0,0,1,0,0,0,1,0,0,1,0,0,1,0,1,0,1,0,1,0,0,1,0,1,0,1,1,0
17,2,4,1,2,0,4,3,2,1,1,5,0,H,15,1,0,1,0,0,1,0,1,0,1,0,0,0,1,0,0,0,0,1,0,1,0,0,0,1,0,0,1,0,1,0,1,0,0,1,0,1,0,1,0,1,0,1
17,4,4,1,1,0,5,2,3,1,2,5,4,H,16,1,0,0,1,0,1,1,0,0,1,0,0,0,1,0,0,0,0,0,1,0,1,0,0,0,1,0,1,0,1,0,1,0,1,0,0,1,0,1,0,1,1,0
16,3,3,3,1,0,3,3,4,3,5,3,8,L,10,1,0,0,1,1,0,0,1,0,1,0,0,0,0,1,0,0,1,0,0,0,1,0,0,1,0,0,1,0,0,1,0,1,0,1,0,1,0,1,0,1,1,0
17,4,4,2,1,1,4,2,4,2,3,2,24,H,18,1,0,1,0,0,1,1,0,0,1,0,0,0,1,0,0,0,0,0,1,0,1,0,0,0,1,0,1,0,0,1,1,0,1,0,0,1,0,1,0,1,1,0
16,4,4,1,2,0,4,5,2,1,2,3,0,L,10,1,0,1,0,0,1,0,1,0,1,0,0,0,0,1,0,0,0,0,1,0,0,0,1,0,1,0,1,0,0,1,0,1,1,0,0,1,0,1,0,1,1,0
16,4,3,1,2,0,4,3,5,1,5,2,2,H,16,1,0,1,0,0,1,1,0,0,1,0,1,0,0,0,0,0,1,0,0,0,1,0,0,0,1,0,1,0,0,1,1,0,0,1,0,1,0,1,0,1,1,0
16,2,3,1,2,0,4,4,3,1,3,4,6,L,10,1,0,1,0,0,1,1,0,0,1,0,0,1,0,0,0,0,1,0,0,0,0,0,1,0,1,0,0,1,0,1,0,1,0,1,0,1,0,1,1,0,1,0
17,1,1,1,2,0,4,4,4,1,3,1,4,L,10,1,0,1,0,0,1,1,0,0,1,0,0,1,0,0,0,0,1,0,0,1,0,0,0,0,1,0,1,0,0,1,0,1,1,0,1,0,0,1,1,0,1,0
17,2,2,1,1,0,5,3,2,1,2,3,18,L,6,1,0,1,0,1,0,1,0,0,1,0,0,1,0,0,0,0,1,0,0,0,0,0,1,0,1,0,1,0,0,1,1,0,1,0,0,1,0,1,0,1,1,0
16,2,2,2,4,0,5,3,5,1,1,5,6,H,11,1,0,1,0,1,0,1,0,0,1,0,0,0,1,0,0,0,0,1,0,0,0,0,1,0,1,0,1,0,0,1,0,1,0,1,1,0,0,1,0,1,1,0
17,3,4,1,3,1,4,4,3,3,4,5,28,L,9,1,0,1,0,0,1,1,0,0,1,1,0,0,0,0,0,0,0,1,0,0,1,0,0,0,1,0,1,0,0,1,0,1,1,0,0,1,0,1,0,1,0,1
16,3,1,1,2,3,2,3,3,2,2,4,5,L,7,1,0,1,0,0,1,1,0,1,0,0,0,0,1,0,0,0,1,0,0,1,0,0,0,0,1,0,1,0,0,1,0,1,1,0,0,1,0,1,0,1,1,0
16,4,3,1,2,0,1,3,2,1,1,1,10,H,13,1,0,1,0,0,1,1,0,0,1,0,0,0,0,1,0,0,1,0,0,0,0,1,0,0,1,0,1,0,1,0,0,1,0,1,0,1,0,1,0,1,0,1
16,1,1,2,1,0,4,3,2,1,4,5,6,L,10,1,0,1,0,0,1,1,0,0,1,1,0,0,0,0,0,0,1,0,0,0,1,0,0,0,1,0,1,0,0,1,0,1,1,0,0,1,0,1,1,0,1,0
17,4,3,2,3,0,4,4,2,1,1,4,6,L,7,1,0,1,0,1,0,1,0,0,1,0,0,0,0,1,0,0,1,0,0,0,0,0,1,0,1,0,1,0,0,1,0,1,0,1,0,1,0,1,0,1,0,1
19,3,3,1,4,0,4,3,3,1,2,3,10,L,8,1,0,1,0,0,1,1,0,0,1,0,0,1,0,0,0,0,1,0,0,0,0,0,1,0,0,1,1,0,0,1,0,1,0,1,0,1,0,1,0,1,1,0
17,4,4,1,2,0,5,3,5,4,5,3,13,H,13,1,0,0,1,0,1,0,1,0,1,0,0,0,1,0,0,0,1,0,0,0,1,0,0,0,1,0,1,0,0,1,0,1,1,0,0,1,0,1,0,1,0,1
16,2,2,1,2,0,3,3,4,1,1,4,0,H,14,1,0,1,0,0,1,1,0,1,0,0,0,1,0,0,0,0,1,0,0,0,0,0,1,0,1,0,0,1,0,1,0,1,1,0,0,1,0,1,0,1,1,0
18,2,2,1,2,1,4,4,4,2,4,5,15,L,8,1,0,0,1,0,1,1,0,0,1,0,0,0,1,0,0,0,1,0,0,0,1,0,0,0,1,0,1,0,0,1,0,1,0,1,0,1,0,1,0,1,1,0
17,4,4,1,1,0,5,2,1,1,2,3,12,L,10,1,0,1,0,1,0,0,1,0,1,0,0,0,1,0,0,0,1,0,0,0,0,1,0,0,1,0,1,0,0,1,0,1,1,0,0,1,0,1,1,0,1,0
17,3,2,2,2,0,4,4,4,1,3,1,2,H,15,1,0,1,0,0,1,0,1,0,1,0,0,1,0,0,0,0,1,0,0,0,0,0,1,0,1,0,1,0,1,0,0,1,1,0,0,1,0,1,0,1,1,0
17,4,3,1,2,2,3,4,5,2,4,1,22,L,4,1,0,1,0,0,1,1,0,0,1,0,0,1,0,0,0,0,1,0,0,0,0,0,1,0,1,0,1,0,1,0,0,1,1,0,0,1,0,1,0,1,0,1
18,3,3,1,2,1,3,2,4,2,4,4,13,L,8,1,0,0,1,0,1,0,1,0,1,0,0,0,1,0,0,1,0,0,0,0,1,0,0,1,0,0,1,0,0,1,0,1,1,0,0,1,0,1,0,1,1,0
17,2,3,2,1,0,3,3,3,1,4,3,3,L,8,1,0,1,0,0,1,1,0,0,1,1,0,0,0,0,0,0,1,0,0,0,1,0,0,1,0,0,1,0,0,1,0,1,1,0,0,1,0,1,1,0,1,0
17,2,2,1,3,0,4,3,3,1,1,4,4,L,10,1,0,1,0,0,1,1,0,0,1,1,0,0,0,0,1,0,0,0,0,1,0,0,0,0,1,0,1,0,0,1,0,1,0,1,0,1,0,1,0,1,1,0
17,2,1,2,2,0,4,2,5,1,2,5,2,L,6,1,0,1,0,1,0,1,0,0,1,1,0,0,0,0,0,0,0,1,0,0,0,0,1,0,1,0,1,0,0,1,1,0,0,1,0,1,0,1,0,1,1,0
17,1,1,1,3,1,4,3,4,1,1,5,0,L,0,1,0,1,0,0,1,1,0,0,1,1,0,0,0,0,0,0,1,0,0,0,0,0,1,0,1,0,1,0,0,1,1,0,0,1,0,1,0,1,1,0,0,1
16,2,3,1,2,0,2,3,1,1,1,3,2,H,17,1,0,1,0,0,1,1,0,0,1,0,0,0,1,0,0,0,0,0,1,0,0,1,0,0,1,0,0,1,1,0,1,0,1,0,0,1,0,1,0,1,1,0
18,2,2,2,2,0,3,3,3,5,5,4,0,H,13,1,0,0,1,0,1,1,0,0,1,0,0,1,0,0,0,0,1,0,0,0,1,0,0,0,1,0,1,0,0,1,0,1,1,0,0,1,0,1,0,1,1,0
16,4,4,1,3,0,5,3,2,1,1,5,0,H,14,1,0,1,0,0,1,1,0,0,1,0,0,0,0,1,0,0,0,1,0,0,1,0,0,0,1,0,1,0,0,1,1,0,0,1,1,0,0,1,0,1,1,0
18,3,1,1,2,1,5,3,3,1,1,4,16,L,7,1,0,1,0,1,0,1,0,0,1,0,0,1,0,0,0,0,1,0,0,0,0,0,1,0,1,0,1,0,1,0,1,0,0,1,0,1,0,1,0,1,0,1
17,3,2,1,2,0,5,3,4,1,3,3,10,H,15,1,0,1,0,0,1,1,0,0,1,0,0,1,0,0,0,0,1,0,0,1,0,0,0,0,1,0,1,0,1,0,1,0,0,1,1,0,0,1,0,1,1,0
17,2,3,1,2,0,5,3,3,1,3,3,2,H,12,1,0,0,1,0,1,0,1,0,1,0,0,0,1,0,0,0,0,1,0,0,0,0,1,1,0,0,1,0,0,1,0,1,1,0,1,0,0,1,0,1,1,0
18,2,1,4,2,0,4,3,2,4,5,3,14,L,9,1,0,0,1,0,1,0,1,0,1,1,0,0,0,0,0,0,1,0,0,1,0,0,0,0,1,0,0,1,0,1,0,1,0,1,0,1,0,1,0,1,0,1
17,2,1,2,3,0,3,2,3,1,2,3,10,H,12,1,0,1,0,0,1,1,0,1,0,0,0,1,0,0,0,0,1,0,0,1,0,0,0,0,1,0,1,0,1,0,1,0,0,1,0,1,0,1,0,1,0,1
17,4,3,1,2,0,3,2,3,1,2,3,14,H,14,1,0,1,0,0,1,0,1,0,1,0,1,0,0,0,0,0,1,0,0,0,0,0,1,1,0,0,1,0,1,0,1,0,0,1,0,1,0,1,0,1,0,1
17,2,2,2,2,0,4,5,2,1,1,1,4,H,11,1,0,0,1,1,0,1,0,0,1,0,0,1,0,0,0,0,1,0,0,1,0,0,0,1,0,0,1,0,0,1,0,1,0,1,0,1,0,1,0,1,1,0
17,4,4,1,2,0,4,5,5,1,3,2,14,L,9,1,0,0,1,0,1,1,0,0,1,0,0,0,0,1,0,0,0,0,1,0,0,0,1,0,1,0,0,1,0,1,1,0,0,1,0,1,0,1,0,1,0,1
16,4,4,1,2,0,4,2,4,2,4,1,2,H,13,1,0,0,1,0,1,1,0,0,1,0,1,0,0,0,0,0,1,0,0,0,0,0,1,1,0,0,1,0,0,1,0,1,0,1,0,1,0,1,0,1,1,0
16,1,1,2,2,0,3,4,2,1,1,5,18,L,6,1,0,0,1,0,1,0,1,0,1,0,0,1,0,0,0,0,1,0,0,0,1,0,0,0,1,0,1,0,0,1,0,1,1,0,0,1,0,1,0,1,1,0
16,3,2,2,3,0,5,3,3,1,3,2,10,L,10,1,0,0,1,0,1,1,0,0,1,1,0,0,0,0,0,0,1,0,0,0,0,0,1,0,1,0,1,0,1,0,1,0,0,1,0,1,0,1,0,1,0,1
17,2,2,1,2,0,4,4,2,5,5,4,4,H,13,1,0,0,1,0,1,0,1,0,1,0,0,1,0,0,0,0,1,0,0,0,1,0,0,1,0,0,1,0,1,0,0,1,0,1,1,0,0,1,0,1,0,1
16,2,1,1,1,0,4,5,2,1,1,5,20,H,12,1,0,1,0,0,1,1,0,0,1,0,0,1,0,0,0,0,1,0,0,0,1,0,0,0,1,0,1,0,1,0,1,0,1,0,0,1,0,1,0,1,0,1
17,2,1,3,2,0,2,1,1,1,1,3,2,H,11,1,0,1,0,1,0,1,0,0,1,1,0,0,0,0,0,0,0,1,0,1,0,0,0,0,1,0,1,0,1,0,1,0,0,1,0,1,0,1,1,0,1,0
18,2,2,1,2,1,5,5,4,3,5,2,0,L,0,1,0,0,1,0,1,1,0,0,1,0,0,1,0,0,0,0,0,1,0,0,0,0,1,1,0,0,1,0,1,0,1,0,1,0,0,1,1,0,0,1,1,0
17,4,3,2,2,0,2,5,5,1,4,5,14,H,12,1,0,0,1,0,1,0,1,0,1,0,1,0,0,0,0,0,1,0,0,1,0,0,0,0,1,0,1,0,1,0,1,0,0,1,0,1,0,1,0,1,0,1
17,4,4,2,2,0,3,3,3,2,3,4,2,H,12,1,0,0,1,1,0,0,1,1,0,0,0,0,0,1,0,0,1,0,0,1,0,0,0,0,1,0,1,0,0,1,0,1,1,0,0,1,0,1,0,1,1,0
16,4,3,1,1,0,5,4,5,1,1,3,0,L,0,1,0,0,1,0,1,0,1,0,1,0,0,0,0,1,0,0,1,0,0,1,0,0,0,0,1,0,1,0,1,0,1,0,0,1,1,0,0,1,0,1,1,0
16,4,4,1,1,0,5,3,2,1,2,5,0,H,12,1,0,0,1,0,1,1,0,0,1,0,0,0,1,0,0,0,0,1,0,1,0,0,0,0,1,0,1,0,1,0,1,0,0,1,0,1,0,1,0,1,1,0
18,2,1,2,3,0,4,4,4,1,1,3,0,L,0,1,0,1,0,0,1,1,0,0,1,0,0,1,0,0,0,0,1,0,0,1,0,0,0,0,0,1,1,0,0,1,0,1,1,0,1,0,0,1,0,1,0,1
16,2,1,3,1,0,4,3,3,1,1,4,6,H,18,1,0,0,1,0,1,1,0,0,1,0,0,1,0,0,0,0,1,0,0,1,0,0,0,0,1,0,1,0,1,0,1,0,1,0,0,1,0,1,0,1,1,0
17,2,3,2,1,0,5,2,2,1,1,2,4,H,13,1,0,0,1,0,1,1,0,0,1,0,0,1,0,0,0,0,1,0,0,1,0,0,0,1,0,0,1,0,1,0,1,0,1,0,0,1,0,1,0,1,1,0
22,3,1,1,1,3,5,4,5,5,5,1,16,L,8,1,0,0,1,0,1,1,0,0,1,0,0,0,1,0,0,0,0,1,0,0,0,1,0,0,1,0,1,0,1,0,1,0,1,0,1,0,1,0,0,1,0,1
18,3,3,1,2,1,4,3,3,1,3,5,8,L,5,1,0,0,1,1,0,0,1,0,1,0,0,1,0,0,0,0,0,1,0,1,0,0,0,0,1,0,1,0,0,1,1,0,1,0,0,1,0,1,0,1,0,1
16,0,2,1,1,0,4,3,2,2,4,5,0,H,15,1,0,0,1,0,1,1,0,0,1,0,0,1,0,0,0,0,1,0,0,0,0,1,0,0,1,0,1,0,1,0,0,1,1,0,1,0,0,1,0,1,1,0
18,3,2,2,1,1,4,4,5,2,4,5,0,L,8,1,0,0,1,0,1,1,0,0,1,0,0,0,1,0,0,0,1,0,0,1,0,0,0,0,1,0,1,0,1,0,1,0,1,0,0,1,1,0,0,1,1,0
16,3,3,3,2,0,5,3,3,1,3,2,6,L,10,1,0,0,1,0,1,1,0,0,1,1,0,0,0,0,0,0,1,0,0,0,0,0,1,0,0,1,0,1,0,1,1,0,1,0,1,0,0,1,0,1,1,0
18,2,1,1,1,1,3,2,5,2,5,5,4,L,8,1,0,0,1,0,1,1,0,0,1,0,0,0,1,0,0,0,0,1,0,0,0,1,0,0,1,0,1,0,1,0,1,0,1,0,1,0,1,0,0,1,1,0
16,2,1,2,1,0,3,3,2,1,3,3,0,L,8,1,0,0,1,1,0,1,0,0,1,0,0,1,0,0,0,0,1,0,0,1,0,0,0,0,1,0,1,0,1,0,1,0,0,1,1,0,0,1,1,0,1,0
17,2,1,1,1,0,4,4,2,2,4,5,0,H,12,1,0,0,1,1,0,1,0,0,1,0,0,1,0,0,0,0,1,0,0,1,0,0,0,0,1,0,1,0,1,0,1,0,1,0,1,0,0,1,0,1,1,0
17,1,1,2,1,1,4,4,4,1,2,5,2,L,8,1,0,0,1,0,1,0,1,0,1,0,1,0,0,0,0,0,1,0,0,1,0,0,0,0,1,0,1,0,0,1,1,0,0,1,0,1,0,1,0,1,1,0
17,4,2,1,4,0,4,2,3,1,1,4,6,H,13,1,0,1,0,0,1,0,1,0,1,0,0,0,0,1,0,0,0,1,0,0,0,0,1,0,1,0,1,0,0,1,0,1,0,1,0,1,0,1,0,1,1,0
19,4,3,1,2,0,4,3,1,1,1,1,12,H,11,1,0,0,1,0,1,0,1,1,0,0,0,0,1,0,1,0,0,0,0,0,0,0,1,0,1,0,1,0,0,1,1,0,1,0,0,1,0,1,0,1,1,0
18,2,1,1,2,0,5,2,4,1,2,4,8,H,14,1,0,0,1,0,1,1,0,0,1,0,0,1,0,0,0,0,1,0,0,0,1,0,0,0,1,0,1,0,1,0,1,0,0,1,0,1,0,1,0,1,1,0
17,2,2,1,4,0,3,4,1,1,1,2,0,L,0,1,0,1,0,0,1,0,1,0,1,0,0,0,1,0,0,0,0,1,0,1,0,0,0,1,0,0,1,0,1,0,0,1,0,1,0,1,0,1,0,1,0,1
18,4,3,1,2,0,3,1,2,1,3,2,21,H,18,1,0,1,0,0,1,1,0,0,1,0,0,0,1,0,0,0,1,0,0,0,1,0,0,1,0,0,1,0,0,1,0,1,1,0,0,1,0,1,0,1,0,1
18,4,3,1,2,0,4,3,2,1,1,3,2,L,8,1,0,0,1,0,1,1,0,0,1,0,0,0,0,1,0,0,1,0,0,1,0,0,0,0,1,0,1,0,0,1,0,1,1,0,1,0,0,1,0,1,1,0
18,3,2,1,3,0,5,3,2,1,1,3,1,H,12,1,0,0,1,1,0,1,0,0,1,0,0,1,0,0,0,0,1,0,0,1,0,0,0,0,1,0,1,0,1,0,1,0,0,1,1,0,0,1,1,0,1,0
17,3,3,1,3,0,3,2,3,1,1,4,4,L,9,1,0,1,0,0,1,1,0,0,1,0,0,1,0,0,0,0,1,0,0,0,1,0,0,0,1,0,1,0,1,0,1,0,0,1,1,0,0,1,1,0,1,0
18,2,2,1,3,0,4,3,3,1,1,3,0,L,0,1,0,1,0,0,1,1,0,0,1,1,0,0,0,0,0,0,0,1,0,0,1,0,0,0,1,0,1,0,0,1,0,1,0,1,0,1,0,1,0,1,0,1
18,3,4,2,2,0,4,2,5,3,4,1,13,H,17,1,0,0,1,1,0,0,1,1,0,0,0,1,0,0,0,0,1,0,0,0,0,0,1,0,1,0,1,0,0,1,0,1,0,1,0,1,0,1,0,1,1,0
17,3,1,1,2,0,5,4,4,3,4,5,2,L,10,1,0,0,1,0,1,1,0,0,1,0,0,0,1,0,0,0,1,0,0,0,0,1,0,0,1,0,1,0,1,0,0,1,0,1,0,1,0,1,0,1,0,1
18,4,4,2,2,0,4,3,4,2,2,4,8,H,11,1,0,1,0,1,0,1,0,0,1,0,0,0,0,1,0,0,1,0,0,0,0,0,1,0,1,0,1,0,1,0,0,1,0,1,0,1,0,1,0,1,1,0
18,4,2,1,2,0,5,4,5,1,3,5,10,L,10,1,0,0,1,0,1,1,0,0,1,0,1,0,0,0,0,0,1,0,0,0,0,0,1,1,0,0,1,0,0,1,0,1,0,1,0,1,0,1,0,1,0,1
18,2,1,2,2,0,4,3,5,1,2,3,0,L,0,1,0,1,0,1,0,1,0,0,1,0,0,1,0,0,0,0,1,0,0,0,0,0,1,0,1,0,1,0,0,1,1,0,1,0,0,1,1,0,0,1,0,1
19,3,3,1,2,2,4,3,5,3,3,5,15,L,9,1,0,1,0,0,1,1,0,0,1,0,0,1,0,0,0,0,0,1,0,0,1,0,0,0,0,1,1,0,0,1,0,1,0,1,0,1,0,1,0,1,1,0
18,2,3,1,4,0,4,5,5,1,3,2,4,H,14,1,0,1,0,0,1,1,0,0,1,0,0,1,0,0,0,0,0,1,0,0,0,0,1,1,0,0,1,0,0,1,0,1,0,1,0,1,0,1,0,1,0,1
18,1,1,2,2,0,4,4,3,1,1,3,2,H,11,1,0,1,0,0,1,0,1,0,1,0,0,1,0,0,0,0,1,0,0,0,1,0,0,0,1,0,1,0,0,1,0,1,1,0,1,0,0,1,1,0,1,0
17,1,2,1,2,0,3,5,2,2,2,1,2,H,14,1,0,0,1,1,0,1,0,0,1,1,0,0,0,0,1,0,0,0,0,0,1,0,0,0,1,0,1,0,0,1,0,1,0,1,1,0,0,1,1,0,0,1
17,2,4,2,2,0,4,3,3,1,1,1,2,L,10,1,0,1,0,0,1,1,0,0,1,1,0,0,0,0,0,1,0,0,0,0,0,0,1,0,1,0,1,0,0,1,0,1,1,0,0,1,0,1,0,1,0,1
17,2,2,2,2,0,4,4,4,2,3,5,6,H,12,1,0,1,0,0,1,0,1,0,1,0,0,0,1,0,0,0,1,0,0,1,0,0,0,0,1,0,0,1,0,1,0,1,1,0,0,1,0,1,0,1,0,1
18,3,2,2,2,0,4,1,1,1,1,5,75,L,9,1,0,1,0,1,0,1,0,1,0,0,0,1,0,0,0,0,0,1,0,0,1,0,0,0,1,0,1,0,1,0,1,0,1,0,1,0,1,0,0,1,0,1
18,4,4,2,1,0,3,2,4,1,4,3,22,L,9,1,0,0,1,0,1,1,0,0,1,0,0,0,0,1,0,0,0,1,0,0,1,0,0,0,1,0,1,0,1,0,0,1,0,1,0,1,0,1,0,1,1,0
18,4,4,1,2,1,2,4,4,1,1,4,15,L,8,1,0,1,0,0,1,1,0,0,1,0,1,0,0,0,0,1,0,0,0,0,0,0,1,1,0,0,0,1,0,1,1,0,0,1,0,1,0,1,0,1,0,1
18,4,3,2,1,0,4,2,3,1,2,1,8,L,10,1,0,0,1,0,1,0,1,0,1,0,0,0,0,1,0,0,0,1,0,1,0,0,0,0,1,0,1,0,1,0,0,1,0,1,0,1,0,1,0,1,1,0
17,4,1,2,1,0,4,5,4,2,4,5,30,L,8,1,0,0,1,0,1,0,1,1,0,0,0,0,1,0,0,0,1,0,0,0,1,0,0,0,1,0,1,0,1,0,0,1,0,1,0,1,0,1,0,1,0,1
17,3,2,1,1,1,4,4,4,3,4,3,19,L,10,1,0,0,1,0,1,0,1,1,0,0,0,0,0,1,0,0,0,1,0,0,1,0,0,0,1,0,1,0,1,0,1,0,1,0,0,1,0,1,0,1,1,0
18,1,1,2,4,0,5,2,2,1,1,3,1,H,12,1,0,1,0,1,0,0,1,0,1,1,0,0,0,0,0,0,1,0,0,0,0,0,1,0,1,0,1,0,0,1,0,1,0,1,0,1,0,1,1,0,1,0
18,1,1,2,2,0,5,4,4,1,1,4,4,L,10,1,0,1,0,0,1,1,0,0,1,0,0,1,0,0,0,0,1,0,0,0,1,0,0,0,1,0,0,1,1,0,1,0,0,1,0,1,0,1,0,1,1,0
17,2,2,1,2,0,5,4,5,1,2,5,4,H,11,1,0,1,0,0,1,1,0,0,1,0,0,1,0,0,0,0,1,0,0,1,0,0,0,0,1,0,1,0,0,1,1,0,1,0,1,0,0,1,0,1,1,0
17,1,1,1,2,0,4,3,3,1,2,4,2,H,11,1,0,0,1,0,1,1,0,0,1,0,0,1,0,0,0,0,1,0,0,0,0,0,1,1,0,0,1,0,1,0,0,1,1,0,1,0,0,1,0,1,1,0
18,2,2,1,3,0,4,3,3,1,2,2,5,H,19,1,0,1,0,0,1,1,0,0,1,1,0,0,0,0,1,0,0,0,0,0,0,1,0,0,1,0,1,0,0,1,0,1,1,0,0,1,0,1,0,1,1,0
17,1,1,1,3,0,4,3,3,1,1,3,6,H,12,1,0,1,0,0,1,1,0,0,1,0,0,0,1,0,0,0,0,0,1,0,0,0,1,0,1,0,1,0,0,1,0,1,1,0,0,1,0,1,0,1,1,0
18,2,1,1,3,0,4,2,4,1,3,2,6,H,14,1,0,0,1,0,1,1,0,0,1,0,0,0,1,0,0,0,0,1,0,0,0,0,1,0,1,0,1,0,1,0,0,1,0,1,0,1,0,1,0,1,1,0
18,4,4,1,2,0,5,4,3,1,1,2,9,H,15,1,0,0,1,0,1,0,1,1,0,0,0,0,0,1,0,0,0,0,1,0,0,0,1,0,1,0,1,0,0,1,0,1,0,1,0,1,0,1,0,1,1,0
18,4,2,1,2,0,4,3,2,1,4,5,11,H,11,1,0,0,1,0,1,1,0,0,1,0,0,0,0,1,0,0,1,0,0,0,1,0,0,0,1,0,1,0,0,1,0,1,0,1,0,1,0,1,0,1,0,1
17,4,3,1,3,0,4,2,2,1,2,3,0,H,15,1,0,1,0,0,1,1,0,0,1,0,1,0,0,0,0,0,0,1,0,0,0,0,1,0,1,0,1,0,0,1,0,1,1,0,0,1,0,1,0,1,1,0
18,2,1,1,2,1,5,4,3,1,1,5,12,H,13,1,0,1,0,0,1,0,1,0,1,0,0,0,1,0,1,0,0,0,0,0,0,0,1,0,1,0,1,0,1,0,1,0,1,0,0,1,0,1,0,1,0,1
17,3,1,2,4,0,3,1,2,1,1,3,6,H,18,1,0,1,0,1,0,0,1,0,1,0,0,0,1,0,0,0,1,0,0,0,0,0,1,0,1,0,1,0,0,1,0,1,1,0,0,1,0,1,1,0,1,0
18,3,2,2,3,0,5,4,2,1,1,4,8,H,14,1,0,0,1,1,0,0,1,0,1,0,0,0,1,0,0,0,1,0,0,0,0,0,1,0,1,0,1,0,0,1,0,1,0,1,0,1,0,1,0,1,1,0
17,3,3,1,1,0,4,4,3,1,3,5,4,H,11,1,0,0,1,0,1,1,0,0,1,0,1,0,0,0,0,0,1,0,0,0,1,0,0,0,1,0,1,0,0,1,0,1,1,0,0,1,0,1,0,1,1,0
19,4,4,2,2,0,2,3,4,2,3,2,0,L,0,1,0,1,0,0,1,1,0,0,1,0,1,0,0,0,0,0,1,0,0,0,0,0,1,0,0,1,1,0,0,1,0,1,0,1,0,1,0,1,0,1,1,0
18,4,3,2,2,0,4,4,5,1,2,2,10,L,8,1,0,1,0,0,1,0,1,0,1,0,0,1,0,0,0,0,1,0,0,0,1,0,0,0,0,1,1,0,0,1,0,1,1,0,0,1,0,1,0,1,0,1
18,4,3,1,4,0,4,3,3,1,1,3,0,H,14,1,0,1,0,0,1,1,0,0,1,0,0,1,0,0,0,0,1,0,0,0,0,0,1,1,0,0,1,0,0,1,0,1,1,0,0,1,0,1,0,1,1,0
18,4,4,1,1,0,1,4,2,2,2,1,5,H,16,1,0,0,1,0,1,0,1,0,1,0,0,0,0,1,0,0,0,0,1,0,1,0,0,0,1,0,1,0,0,1,0,1,1,0,0,1,0,1,0,1,0,1
18,4,4,1,2,0,4,2,4,1,1,4,14,H,11,1,0,1,0,0,1,0,1,1,0,0,1,0,0,0,0,0,1,0,0,0,1,0,0,0,1,0,1,0,0,1,1,0,1,0,0,1,0,1,0,1,0,1
17,4,4,2,1,0,4,1,1,2,2,5,0,L,10,1,0,0,1,0,1,0,1,0,1,0,0,1,0,0,0,0,0,0,1,0,1,0,0,1,0,0,1,0,1,0,0,1,1,0,0,1,0,1,0,1,1,0
17,4,2,2,3,0,4,3,3,1,1,3,0,H,14,1,0,1,0,0,1,1,0,0,1,0,0,1,0,0,0,0,1,0,0,0,0,0,1,0,1,0,1,0,0,1,0,1,1,0,0,1,0,1,0,1,1,0
17,3,2,1,4,0,5,2,2,1,2,5,0,H,18,1,0,1,0,0,1,1,0,0,1,0,1,0,0,0,0,1,0,0,0,0,0,0,1,1,0,0,1,0,0,1,0,1,0,1,1,0,0,1,0,1,1,0
19,3,3,1,2,1,4,4,4,1,1,3,20,H,13,1,0,0,1,0,1,1,0,0,1,0,0,1,0,0,0,0,1,0,0,0,1,0,0,0,0,1,1,0,0,1,1,0,0,1,0,1,0,1,0,1,0,1
18,2,4,1,2,1,4,4,3,1,1,3,8,H,12,1,0,1,0,0,1,1,0,0,1,0,0,0,1,0,1,0,0,0,0,0,0,0,1,0,0,1,1,0,0,1,0,1,0,1,0,1,0,1,0,1,1,0
20,3,2,1,1,0,5,5,3,1,1,5,0,H,18,1,0,0,1,0,1,1,0,1,0,0,0,0,1,0,0,0,1,0,0,1,0,0,0,0,0,1,1,0,1,0,1,0,0,1,0,1,0,1,1,0,1,0
19,4,4,2,1,1,4,3,4,1,1,4,38,L,8,1,0,0,1,0,1,1,0,0,1,0,0,0,0,1,0,0,0,1,0,0,0,0,1,0,0,1,1,0,0,1,0,1,1,0,0,1,0,1,0,1,0,1
19,3,3,1,2,1,4,5,3,1,2,5,0,H,12,1,0,0,1,1,0,1,0,0,1,0,0,1,0,0,0,0,0,1,0,0,0,0,1,1,0,0,1,0,1,0,1,0,0,1,0,1,0,1,1,0,0,1
19,1,1,1,2,1,4,4,3,1,3,3,18,L,10,1,0,1,0,0,1,0,1,0,1,1,0,0,0,0,0,0,1,0,0,0,0,0,1,0,0,1,0,1,0,1,1,0,0,1,1,0,0,1,0,1,1,0
19,1,2,1,2,1,4,2,4,2,2,3,0,L,0,1,0,1,0,0,1,0,1,0,1,0,0,0,1,0,0,0,0,1,0,0,1,0,0,0,0,1,1,0,1,0,1,0,0,1,1,0,0,1,1,0,0,1
19,2,1,3,2,0,3,4,1,1,1,2,20,H,13,1,0,1,0,0,1,1,0,0,1,1,0,0,0,0,0,0,1,0,0,0,0,1,0,0,0,1,1,0,0,1,1,0,1,0,0,1,1,0,0,1,0,1
19,1,2,1,2,1,4,5,2,2,2,4,3,H,11,1,0,0,1,0,1,1,0,0,1,0,0,1,0,0,0,0,0,1,0,1,0,0,0,0,0,1,1,0,1,0,1,0,1,0,1,0,0,1,0,1,1,0
19,3,2,2,2,1,4,2,2,1,2,1,22,H,11,1,0,1,0,0,1,0,1,0,1,0,0,0,1,0,0,0,1,0,0,0,0,0,1,0,0,1,1,0,0,1,0,1,1,0,1,0,0,1,0,1,0,1
19,1,1,1,3,2,4,1,2,1,1,3,14,H,13,1,0,1,0,0,1,1,0,0,1,1,0,0,0,0,0,1,0,0,0,0,1,0,0,0,0,1,1,0,1,0,1,0,1,0,1,0,0,1,0,1,0,1
19,2,3,1,3,1,4,1,2,1,1,3,40,H,11,1,0,1,0,1,0,1,0,0,1,0,0,1,0,0,0,0,1,0,0,0,0,0,1,0,0,1,1,0,1,0,1,0,1,0,0,1,0,1,0,1,0,1
18,2,1,2,2,0,5,3,3,1,2,1,0,L,0,1,0,1,0,0,1,1,0,0,1,0,0,0,1,0,0,0,1,0,0,1,0,0,0,0,1,0,1,0,0,1,0,1,0,1,0,1,0,1,0,1,1,0
18,4,3,1,3,0,4,3,4,1,1,5,9,L,9,1,0,1,0,0,1,1,0,0,1,0,0,1,0,0,0,0,1,0,0,1,0,0,0,0,1,0,1,0,0,1,0,1,0,1,0,1,0,1,0,1,0,1
17,3,4,1,3,0,4,3,4,2,5,5,0,L,10,1,0,1,0,1,0,1,0,0,1,1,0,0,0,0,0,0,0,1,0,1,0,0,0,1,0,0,1,0,0,1,0,1,0,1,1,0,0,1,0,1,1,0
18,4,4,1,2,0,4,4,4,3,3,5,2,H,11,1,0,1,0,0,1,1,0,0,1,0,0,0,0,1,0,0,1,0,0,1,0,0,0,0,1,0,1,0,0,1,0,1,1,0,0,1,0,1,0,1,1,0
17,4,3,1,2,0,5,2,2,1,2,5,23,H,13,1,0,1,0,0,1,1,0,1,0,0,0,0,1,0,0,0,0,1,0,1,0,0,0,0,1,0,1,0,0,1,0,1,1,0,0,1,0,1,0,1,0,1
17,2,2,1,2,0,4,2,2,1,1,3,12,L,9,1,0,1,0,0,1,1,0,0,1,0,0,1,0,0,0,0,1,0,0,1,0,0,0,0,1,0,1,0,0,1,1,0,1,0,0,1,0,1,1,0,0,1
17,2,2,1,3,0,3,3,2,2,2,3,3,H,11,1,0,1,0,1,0,0,1,0,1,0,0,0,1,0,0,0,0,1,0,1,0,0,0,0,1,0,1,0,0,1,0,1,0,1,0,1,0,1,0,1,1,0
17,3,1,1,3,0,3,4,3,2,3,5,1,H,15,1,0,1,0,0,1,1,0,0,1,0,0,0,1,0,0,0,0,1,0,1,0,0,0,1,0,0,1,0,0,1,1,0,1,0,1,0,0,1,0,1,1,0
17,0,2,2,3,0,3,3,3,2,3,2,0,H,15,1,0,1,0,0,1,0,1,0,1,1,0,0,0,0,1,0,0,0,0,0,1,0,0,1,0,0,1,0,1,0,1,0,1,0,0,1,0,1,0,1,1,0
18,4,4,1,3,0,4,3,3,2,2,3,3,H,11,1,0,0,1,0,1,1,0,0,1,0,0,1,0,0,0,0,1,0,0,1,0,0,0,0,1,0,1,0,1,0,1,0,0,1,0,1,0,1,0,1,1,0
17,3,3,1,1,0,4,3,5,3,5,5,3,H,16,1,0,0,1,0,1,1,0,0,1,0,0,1,0,0,0,0,0,1,0,0,0,0,1,0,1,0,1,0,1,0,1,0,0,1,1,0,0,1,0,1,1,0
17,2,2,4,1,0,4,4,5,5,5,4,8,L,10,1,0,0,1,1,0,1,0,0,1,0,0,0,1,0,0,0,1,0,0,1,0,0,0,0,1,0,1,0,0,1,1,0,1,0,0,1,0,1,0,1,1,0
17,4,4,1,3,0,5,4,4,1,3,4,7,L,9,1,0,1,0,0,1,1,0,0,1,0,0,0,0,1,0,0,0,1,0,1,0,0,0,0,1,0,1,0,0,1,0,1,0,1,0,1,0,1,0,1,1,0
17,4,4,2,3,0,4,3,3,1,2,4,4,H,14,1,0,1,0,0,1,1,0,0,1,0,0,0,0,1,0,0,0,0,1,1,0,0,0,0,1,0,1,0,0,1,0,1,1,0,1,0,0,1,0,1,0,1
18,2,2,1,4,0,4,5,5,2,4,5,2,L,8,1,0,0,1,0,1,0,1,0,1,0,0,1,0,0,0,0,1,0,0,1,0,0,0,0,1,0,1,0,0,1,1,0,0,1,0,1,0,1,0,1,1,0
17,2,4,1,3,0,4,4,3,1,1,5,7,H,14,1,0,1,0,1,0,1,0,0,1,1,0,0,0,0,0,0,1,0,0,1,0,0,0,1,0,0,1,0,0,1,1,0,1,0,0,1,0,1,0,1,0,1
18,3,3,1,2,0,5,3,4,1,1,4,0,L,0,1,0,1,0,0,1,1,0,0,1,0,0,0,1,0,0,0,0,1,0,0,1,0,0,0,1,0,1,0,1,0,1,0,0,1,0,1,0,1,0,1,1,0
18,2,2,1,2,0,4,3,3,1,1,2,0,L,0,1,0,1,0,0,1,0,1,0,1,0,0,1,0,0,0,0,1,0,0,0,1,0,0,0,0,1,1,0,1,0,1,0,0,1,1,0,0,1,0,1,0,1
18,2,2,2,4,0,4,4,4,1,1,4,0,L,0,1,0,1,0,1,0,1,0,0,1,1,0,0,0,0,0,0,1,0,0,1,0,0,0,0,1,0,1,0,1,0,1,0,0,1,0,1,0,1,1,0,1,0
17,3,4,1,3,0,4,4,5,1,3,5,16,H,15,1,0,1,0,0,1,1,0,0,1,0,0,0,1,0,0,0,1,0,0,1,0,0,0,0,1,0,1,0,1,0,1,0,1,0,0,1,0,1,0,1,1,0
19,3,1,1,3,1,5,4,3,1,2,5,12,H,13,1,0,1,0,1,0,1,0,1,0,0,0,0,1,0,1,0,0,0,0,0,1,0,0,0,0,1,1,0,1,0,0,1,1,0,0,1,0,1,1,0,1,0
17,3,2,1,2,0,4,3,2,2,3,2,0,L,0,1,0,1,0,0,1,1,0,0,1,0,0,1,0,0,0,0,1,0,0,0,1,0,0,0,1,0,1,0,0,1,0,1,1,0,0,1,0,1,0,1,0,1
18,3,3,1,4,0,5,3,3,1,1,1,7,H,17,1,0,1,0,0,1,0,1,0,1,0,0,0,1,0,0,0,0,1,0,0,1,0,0,0,1,0,1,0,0,1,1,0,1,0,0,1,0,1,0,1,1,0
17,3,2,1,2,0,4,3,3,2,3,2,4,L,10,1,0,1,0,1,0,1,0,1,0,0,0,1,0,0,0,0,1,0,0,0,1,0,0,0,1,0,1,0,0,1,0,1,1,0,0,1,0,1,0,1,1,0
19,2,1,1,3,1,4,3,4,1,3,3,4,H,11,1,0,1,0,0,1,1,0,0,1,0,0,0,1,0,0,0,0,1,0,0,1,0,0,0,0,1,1,0,1,0,0,1,0,1,0,1,0,1,0,1,0,1
18,4,4,1,2,1,4,3,3,2,2,2,0,L,0,1,0,0,1,0,1,1,0,0,1,0,0,0,0,1,0,0,0,1,0,0,1,0,0,1,0,0,1,0,0,1,1,0,0,1,0,1,0,1,0,1,1,0
18,3,4,1,2,0,4,3,3,1,3,5,11,H,15,1,0,0,1,0,1,0,1,0,1,0,0,0,1,0,0,0,1,0,0,0,1,0,0,0,1,0,1,0,1,0,1,0,0,1,0,1,0,1,0,1,0,1
17,2,2,1,2,1,3,3,1,1,2,4,0,L,0,1,0,1,0,0,1,1,0,1,0,1,0,0,0,0,1,0,0,0,0,0,1,0,0,1,0,0,1,0,0,1,1,0,1,0,0,1,0,1,0,1,0,1
18,2,3,1,3,0,4,3,3,1,2,3,4,L,10,1,0,1,0,0,1,1,0,0,1,1,0,0,0,0,0,0,1,0,0,1,0,0,0,0,1,0,1,0,0,1,1,0,1,0,0,1,0,1,0,1,1,0
18,3,2,1,3,0,5,4,3,2,3,1,7,H,14,1,0,1,0,0,1,1,0,0,1,0,0,1,0,0,0,0,0,1,0,0,0,1,0,0,1,0,1,0,1,0,1,0,1,0,0,1,0,1,0,1,0,1
18,4,3,1,3,0,5,3,2,1,2,4,9,H,16,1,0,0,1,1,0,1,0,0,1,0,0,0,0,1,0,0,0,1,0,1,0,0,0,0,1,0,1,0,1,0,1,0,1,0,0,1,0,1,0,1,0,1
18,4,3,1,3,0,5,4,5,2,3,5,0,L,9,1,0,0,1,0,1,1,0,0,1,0,0,0,0,1,0,0,1,0,0,1,0,0,0,0,1,0,1,0,0,1,0,1,1,0,0,1,0,1,0,1,0,1
17,4,3,1,3,0,4,4,3,1,3,4,0,H,15,1,0,1,0,0,1,1,0,0,1,0,1,0,0,0,0,0,1,0,0,0,0,0,1,0,1,0,1,0,0,1,0,1,0,1,0,1,0,1,0,1,0,1
18,3,2,2,1,1,2,5,5,5,5,5,10,H,13,0,1,0,1,1,0,1,0,0,1,0,0,1,0,0,0,0,1,0,0,1,0,0,0,0,1,0,1,0,0,1,1,0,1,0,1,0,0,1,0,1,1,0
19,1,1,3,2,3,5,4,4,3,3,2,8,L,8,0,1,0,1,1,0,1,0,0,1,0,0,1,0,0,0,0,0,1,0,0,1,0,0,0,0,1,1,0,1,0,1,0,1,0,0,1,0,1,0,1,1,0
17,3,3,2,2,0,4,5,4,2,3,3,2,H,13,0,1,0,1,0,1,1,0,0,1,0,1,0,0,0,0,0,1,0,0,1,0,0,0,0,1,0,1,0,0,1,0,1,1,0,0,1,0,1,0,1,1,0
18,1,3,1,1,1,4,3,3,2,3,3,7,L,8,0,1,0,1,0,1,0,1,0,1,1,0,0,0,0,0,0,0,1,0,1,0,0,0,0,1,0,1,0,1,0,1,0,1,0,0,1,1,0,0,1,0,1
19,1,1,3,1,1,4,4,4,3,3,5,4,L,8,0,1,0,1,1,0,1,0,0,1,0,0,1,0,0,0,0,1,0,0,0,1,0,0,0,0,1,1,0,0,1,1,0,1,0,0,1,0,1,0,1,1,0
17,4,3,2,2,0,4,5,5,1,3,2,4,H,11,0,1,0,1,1,0,1,0,0,1,0,0,0,1,0,0,0,1,0,0,0,1,0,0,0,1,0,1,0,0,1,0,1,0,1,1,0,0,1,0,1,0,1
18,3,3,1,2,0,5,3,4,1,1,5,0,L,9,0,1,1,0,0,1,1,0,0,1,0,0,0,1,0,0,0,0,1,0,1,0,0,0,1,0,0,1,0,0,1,1,0,1,0,0,1,0,1,1,0,0,1
17,4,4,2,2,0,4,3,3,1,2,5,4,H,13,0,1,1,0,1,0,1,0,0,1,0,0,0,0,1,0,0,0,1,0,0,0,1,0,1,0,0,1,0,0,1,0,1,0,1,0,1,0,1,0,1,1,0
17,3,2,2,2,0,1,2,3,1,2,5,2,H,11,0,1,1,0,0,1,0,1,1,0,0,0,0,1,0,0,0,1,0,0,0,0,0,1,0,1,0,1,0,1,0,1,0,1,0,0,1,0,1,1,0,0,1
18,1,1,2,1,0,3,3,2,1,2,3,4,L,10,0,1,0,1,0,1,0,1,0,1,0,0,1,0,0,0,0,0,1,0,0,1,0,0,1,0,0,1,0,1,0,1,0,1,0,1,0,0,1,0,1,0,1
18,1,1,2,3,0,5,3,2,1,1,4,0,H,16,0,1,1,0,0,1,0,1,0,1,1,0,0,0,0,0,0,0,1,0,1,0,0,0,1,0,0,1,0,1,0,1,0,1,0,0,1,0,1,0,1,1,0
18,1,4,3,2,0,4,3,4,1,4,5,0,H,13,0,1,1,0,1,0,0,1,1,0,1,0,0,0,0,0,0,1,0,0,1,0,0,0,0,1,0,1,0,1,0,1,0,1,0,0,1,0,1,1,0,0,1
18,1,1,2,2,1,4,4,3,2,3,5,2,H,12,0,1,0,1,1,0,0,1,0,1,1,0,0,0,0,0,0,1,0,0,0,0,1,0,0,1,0,1,0,1,0,1,0,0,1,1,0,1,0,1,0,1,0
18,3,3,2,2,0,4,3,2,1,3,3,0,L,10,0,1,1,0,0,1,1,0,0,1,0,0,0,1,0,0,0,0,1,0,0,0,1,0,0,1,0,1,0,0,1,1,0,1,0,0,1,0,1,0,1,0,1
17,4,4,1,2,0,2,3,4,1,1,1,0,H,15,0,1,1,0,0,1,0,1,0,1,1,0,0,0,0,1,0,0,0,0,1,0,0,0,0,1,0,1,0,0,1,0,1,0,1,0,1,0,1,0,1,0,1
17,1,2,2,2,0,3,2,2,1,2,3,0,H,12,0,1,1,0,1,0,1,0,0,1,0,0,1,0,0,0,0,0,1,0,1,0,0,0,1,0,0,1,0,1,0,1,0,1,0,1,0,0,1,1,0,1,0
18,1,3,2,2,0,3,3,4,2,4,3,4,L,10,0,1,0,1,1,0,1,0,0,1,1,0,0,0,0,0,0,1,0,0,1,0,0,0,0,1,0,1,0,0,1,0,1,1,0,0,1,0,1,1,0,1,0
18,4,4,2,3,0,4,2,2,2,2,5,0,H,13,0,1,0,1,0,1,0,1,0,1,0,0,0,0,1,0,0,0,1,0,0,0,1,0,0,1,0,1,0,1,0,0,1,1,0,0,1,0,1,0,1,0,1
17,1,1,3,1,1,5,2,1,1,2,1,0,L,0,0,1,1,0,1,0,1,0,0,1,0,0,1,0,0,0,0,0,1,0,0,0,0,1,0,1,0,1,0,0,1,0,1,1,0,0,1,0,1,0,1,0,1
18,2,3,2,1,0,5,2,3,1,2,4,0,L,10,0,1,1,0,0,1,1,0,0,1,1,0,0,0,0,0,0,0,1,0,1,0,0,0,1,0,0,1,0,0,1,0,1,1,0,0,1,0,1,0,1,0,1
18,4,4,3,2,0,3,2,2,4,2,5,10,H,11,0,1,1,0,1,0,1,0,0,1,0,0,1,0,0,0,0,0,0,1,0,0,1,0,1,0,0,1,0,0,1,0,1,1,0,1,0,0,1,0,1,0,1
19,3,2,2,2,2,3,2,2,1,1,3,4,L,9,0,1,1,0,0,1,0,1,0,1,0,0,0,1,0,0,0,0,1,0,0,1,0,0,0,0,1,1,0,1,0,1,0,0,1,0,1,0,1,1,0,0,1
18,1,2,3,1,0,4,3,3,2,3,3,3,H,12,0,1,0,1,1,0,0,1,0,1,1,0,0,0,0,0,0,0,1,0,0,0,1,0,1,0,0,1,0,0,1,0,1,0,1,0,1,1,0,0,1,0,1
17,2,2,1,3,0,3,4,3,1,1,3,8,H,11,0,1,1,0,0,1,1,0,0,1,0,0,1,0,0,1,0,0,0,0,0,1,0,0,0,1,0,1,0,1,0,1,0,0,1,0,1,0,1,1,0,0,1
17,1,2,1,1,0,3,5,5,1,3,1,14,L,5,0,1,1,0,1,0,1,0,0,1,0,0,1,0,0,0,0,1,0,0,1,0,0,0,0,1,0,1,0,1,0,1,0,0,1,0,1,0,1,0,1,1,0
18,4,4,2,3,0,5,4,4,1,1,1,0,H,19,0,1,1,0,1,0,0,1,0,1,0,0,1,0,0,0,0,1,0,0,0,0,0,1,0,1,0,1,0,1,0,1,0,1,0,0,1,0,1,0,1,1,0
18,1,1,4,3,0,4,3,2,1,2,4,2,L,10,0,1,1,0,1,0,1,0,0,1,0,0,1,0,0,0,0,1,0,0,0,1,0,0,0,1,0,1,0,1,0,1,0,1,0,0,1,0,1,0,1,1,0
20,4,2,2,3,2,5,4,3,1,1,3,4,H,15,0,1,1,0,0,1,1,0,0,1,0,1,0,0,0,0,0,1,0,0,1,0,0,0,0,0,1,1,0,0,1,0,1,1,0,1,0,0,1,0,1,0,1
18,4,4,1,2,0,5,4,3,3,4,2,4,L,10,0,1,1,0,1,0,0,1,0,1,0,0,0,0,1,0,0,0,1,0,1,0,0,0,0,1,0,1,0,1,0,0,1,0,1,0,1,0,1,0,1,1,0
18,3,3,1,2,0,4,1,3,1,2,1,0,H,15,0,1,1,0,0,1,1,0,0,1,0,0,1,0,0,0,0,1,0,0,0,1,0,0,0,1,0,1,0,1,0,0,1,1,0,0,1,0,1,0,1,0,1
17,3,1,1,2,0,4,5,4,2,3,1,17,L,10,0,1,1,0,1,0,1,0,0,1,1,0,0,0,0,0,0,1,0,0,0,0,0,1,0,1,0,1,0,0,1,0,1,0,1,1,0,0,1,0,1,1,0
18,4,4,1,2,0,3,2,4,1,4,2,4,H,14,0,1,0,1,0,1,1,0,0,1,0,0,0,0,1,0,0,0,0,1,0,1,0,0,1,0,0,1,0,1,0,0,1,0,1,1,0,0,1,0,1,1,0
18,2,1,2,1,0,4,4,3,1,3,5,5,L,7,0,1,0,1,1,0,1,0,0,1,0,0,1,0,0,0,0,1,0,0,0,0,1,0,0,1,0,1,0,1,0,1,0,0,1,1,0,0,1,0,1,0,1
17,2,3,2,2,0,4,4,3,1,1,3,2,L,10,0,1,0,1,0,1,1,0,0,1,0,0,1,0,0,0,0,0,1,0,0,1,0,0,1,0,0,1,0,1,0,1,0,0,1,0,1,0,1,0,1,1,0
19,1,1,2,1,1,4,3,2,1,3,5,0,L,0,0,1,0,1,1,0,1,0,0,1,0,0,1,0,0,0,0,0,1,0,0,0,1,0,0,1,0,1,0,1,0,1,0,1,0,0,1,0,1,1,0,1,0
18,4,2,2,1,1,5,4,3,4,3,3,14,L,5,0,1,0,1,1,0,1,0,0,1,0,0,1,0,0,0,0,1,0,0,0,1,0,0,1,0,0,1,0,1,0,0,1,1,0,0,1,0,1,1,0,1,0
18,2,2,2,3,0,5,3,3,1,3,4,2,L,10,0,1,1,0,1,0,1,0,0,1,1,0,0,0,0,0,0,1,0,0,0,0,1,0,0,1,0,1,0,1,0,0,1,1,0,0,1,0,1,1,0,1,0
18,4,4,3,1,0,4,4,3,2,2,5,7,L,6,0,1,1,0,1,0,1,0,0,1,0,0,0,0,1,1,0,0,0,0,0,0,0,1,0,1,0,1,0,0,1,0,1,0,1,0,1,0,1,0,1,0,1
19,2,3,1,3,1,5,4,2,1,2,5,0,L,0,0,1,1,0,1,0,1,0,0,1,0,0,0,1,0,0,0,1,0,0,1,0,0,0,0,1,0,1,0,1,0,1,0,0,1,1,0,0,1,0,1,1,0
18,3,1,1,2,0,4,3,4,1,1,1,0,L,8,0,1,1,0,0,1,0,1,0,1,0,0,0,0,1,0,0,0,1,0,1,0,0,0,0,1,0,1,0,0,1,0,1,1,0,0,1,0,1,0,1,1,0
18,1,1,2,2,1,1,1,1,1,1,5,0,L,0,0,1,1,0,0,1,1,0,0,1,0,0,1,0,0,0,0,1,0,0,1,0,0,0,0,1,0,1,0,1,0,1,0,0,1,0,1,0,1,1,0,1,0
20,2,2,1,2,2,5,5,4,4,5,4,11,L,9,0,1,0,1,0,1,0,1,1,0,0,0,0,1,0,0,0,0,1,0,1,0,0,0,0,0,1,1,0,0,1,0,1,1,0,0,1,0,1,1,0,1,0
17,3,1,2,1,0,2,4,5,3,4,2,3,H,16,0,1,0,1,0,1,0,1,0,1,0,0,0,1,0,0,0,0,1,0,1,0,0,0,0,1,0,1,0,1,0,1,0,1,0,1,0,0,1,0,1,1,0
21,1,1,1,1,3,5,5,3,3,3,3,3,L,7,0,1,0,1,1,0,1,0,0,1,0,0,1,0,0,0,0,1,0,0,1,0,0,0,0,0,1,1,0,1,0,1,0,1,0,1,0,0,1,1,0,1,0
18,3,2,3,1,0,4,4,1,3,4,5,0,L,10,0,1,0,1,1,0,0,1,0,1,0,0,0,1,0,0,0,1,0,0,1,0,0,0,0,1,0,1,0,1,0,1,0,1,0,1,0,0,1,0,1,1,0
19,1,1,1,1,0,3,2,3,3,3,5,5,L,9,0,1,0,1,0,1,0,1,0,1,0,0,1,0,0,1,0,0,0,0,1,0,0,0,1,0,0,1,0,1,0,1,0,1,0,0,1,0,1,0,1,1,0
